image_id,vindr_class,condition,flagged,pointing_hit,heat_in_box,box_area
61d9e4505c1f8391ce055d3ce793a899,Cardiomegaly,Cardiomegaly,False,True,0.9378556609153748,0.07272401147959184
0211f9fe31142ba1e25fb6a2ea3fea38,Pulmonary fibrosis,Fibrosis,True,False,0.1021839901804924,0.019795320471938774
0211f9fe31142ba1e25fb6a2ea3fea38,Nodule/Mass,Nodule,True,False,0.0056287129409611225,0.00034877232142857144
92e9e7ccc49692f0c6fa6917d7289f6f,Consolidation,Consolidation,True,False,0.19506560266017914,0.0302734375
92e9e7ccc49692f0c6fa6917d7289f6f,Infiltration,Infiltration,True,True,0.5474991202354431,0.14568219866071427
92e9e7ccc49692f0c6fa6917d7289f6f,Pleural effusion,Effusion,False,False,0.0,0.01189811862244898
92e9e7ccc49692f0c6fa6917d7289f6f,Pleural thickening,Pleural_Thickening,True,False,0.13796822726726532,0.05581353635204082
92e9e7ccc49692f0c6fa6917d7289f6f,Pulmonary fibrosis,Fibrosis,True,False,0.32868319749832153,0.19874043367346939
26a2c28022c4eb76848703d3bd669562,Pleural effusion,Effusion,True,True,0.7996411919593811,0.06703902264030612
91dcbfac33b20bb82e9641211b18f53b,Pulmonary fibrosis,Fibrosis,False,False,0.0,0.01152443399234694
015e332b702e4829710941ab7265bd1d,Cardiomegaly,Cardiomegaly,False,True,0.9482027888298035,0.060781050701530615
9b389242ffe5059b705ee8f5aac00bd5,Cardiomegaly,Cardiomegaly,True,True,0.7754862308502197,0.10032684948979592
f9c6b63c9379c69451d44dc64fbcc814,Cardiomegaly,Cardiomegaly,False,True,0.7818008065223694,0.07574338329081633
04bb8bd7ee6f88a16623fe5c6dd4da91,Pleural effusion,Effusion,True,False,0.6554036140441895,0.15995695153061223
9da65d59721d58bd125a4fc94b6ffec6,Cardiomegaly,Cardiomegaly,False,True,0.5020816326141357,0.03366151147959184
9da65d59721d58bd125a4fc94b6ffec6,Pleural effusion,Effusion,True,False,0.02965291403234005,0.004693478954081632
9da65d59721d58bd125a4fc94b6ffec6,Pleural thickening,Pleural_Thickening,True,False,0.033905524760484695,0.004693478954081632
f5eb3e7e9ee9c4d08377de30251a94e2,Pleural effusion,Effusion,True,False,0.18138487637043,0.031837930484693876
f5eb3e7e9ee9c4d08377de30251a94e2,Pleural thickening,Pleural_Thickening,True,False,0.10812839865684509,0.031837930484693876
f5eb3e7e9ee9c4d08377de30251a94e2,Pulmonary fibrosis,Fibrosis,True,False,0.06236327439546585,0.01881377551020408
1b10ae5a7c9530537364360383fa6667,Cardiomegaly,Cardiomegaly,True,True,0.9020052552223206,0.08206612723214286
4bbfe3f248e318444c6628c28c2dbfae,Cardiomegaly,Cardiomegaly,True,True,0.5864296555519104,0.06129922672193878
9ed1f91369552618456da255b02820b3,Cardiomegaly,Cardiomegaly,True,True,0.7303122878074646,0.05544483418367347
8794eea4b84bc93cdf786327e3e606f6,Atelectasis,Atelectasis,False,True,0.6670572757720947,0.05946069834183673
8794eea4b84bc93cdf786327e3e606f6,Pleural thickening,Pleural_Thickening,True,False,0.0,0.018749003507653062
8794eea4b84bc93cdf786327e3e606f6,Pulmonary fibrosis,Fibrosis,True,True,0.4010671079158783,0.05639150191326531
c201c69926e59f0c1dfeeeb8365ff05a,Pleural effusion,Effusion,True,True,0.5804094076156616,0.07277881855867346
c201c69926e59f0c1dfeeeb8365ff05a,Nodule/Mass,Mass,True,False,0.0815323144197464,0.06863839285714286
6b7630266dc2abd86de6c994308a4986,Cardiomegaly,Cardiomegaly,True,True,0.9020381569862366,0.07852857940051021
0bee0cde729de2d82b39527c37f11934,Cardiomegaly,Cardiomegaly,True,True,0.8842369914054871,0.11060068558673469
1296335140a042ff0270825cdae2fa09,Pulmonary fibrosis,Fibrosis,False,False,0.10273251682519913,0.013432716836734694
1296335140a042ff0270825cdae2fa09,Nodule/Mass,Nodule,True,False,0.08249237388372421,0.003288424744897959
ec513a0af055499f1b188cc6a9175ee1,Pleural thickening,Pleural_Thickening,True,False,0.03270253911614418,0.00994499362244898
ec513a0af055499f1b188cc6a9175ee1,Pneumothorax,Pneumothorax,False,False,0.008499279618263245,0.2480518574617347
8aecb4535fbfdee0217ef2f37b735c29,Pleural effusion,Effusion,True,True,0.7512069344520569,0.16001175860969388
8aecb4535fbfdee0217ef2f37b735c29,Pleural thickening,Pleural_Thickening,True,False,0.2714904546737671,0.0441047512755102
1bb134a3fb426b7a805ad086164ed865,Cardiomegaly,Cardiomegaly,True,True,0.7348459959030151,0.07450275031887756
967f2ad4d9bd6d377127624161468188,Cardiomegaly,Cardiomegaly,False,False,0.0012807573657482862,0.041185028698979595
967f2ad4d9bd6d377127624161468188,Nodule/Mass,Mass,True,False,0.37098750472068787,0.022286551339285716
fb60c3083ec018a8bc953b6af2d39151,Cardiomegaly,Cardiomegaly,True,True,0.7681699991226196,0.08870774872448979
4c68b98043a1d2f7215d0db1a761bab3,Pneumothorax,Pneumothorax,False,True,0.7290171980857849,0.18833705357142858
6c6266968277d8d98717a106dfb716c3,Atelectasis,Atelectasis,True,True,1.0,0.22812699298469388
17a34d586de2a9e5a440755ea530ce5d,Cardiomegaly,Cardiomegaly,True,True,0.7123737931251526,0.0830078125
098d7923f09b8f6f163143ad97dacc12,Cardiomegaly,Cardiomegaly,False,False,0.21411599218845367,0.03682537468112245
fec797e0e4b2eff050372800790c01e8,Cardiomegaly,Cardiomegaly,True,True,0.4446568489074707,0.05726343271683673
39fba09b48f252efaa54f0d093a8294d,Consolidation,Consolidation,True,True,0.8744128346443176,0.062181122448979595
39fba09b48f252efaa54f0d093a8294d,Pulmonary fibrosis,Fibrosis,False,False,0.31454601883888245,0.12823860012755103
c80fe973b34b764cf37e43efb755c0b8,Cardiomegaly,Cardiomegaly,True,True,0.6961527466773987,0.05980947066326531
3a6264c66e1ccad3f67960d50a152708,Pleural effusion,Effusion,True,False,0.049271680414676666,0.02336276307397959
3a6264c66e1ccad3f67960d50a152708,Pleural thickening,Pleural_Thickening,True,False,0.08634152263402939,0.021922831632653062
3a6264c66e1ccad3f67960d50a152708,Pulmonary fibrosis,Fibrosis,True,False,0.0007750486256554723,0.03184291294642857
1ee956f957e7b9ec0787e07fe2b76135,Cardiomegaly,Cardiomegaly,False,False,0.003079366171732545,0.03782186702806122
1ee956f957e7b9ec0787e07fe2b76135,Infiltration,Infiltration,True,False,0.20187799632549286,0.01744858099489796
27ca6b9bd9b4c1f284e450201cfc4613,Cardiomegaly,Cardiomegaly,True,True,0.7726426124572754,0.05283900669642857
8ebf23deb8ee4d7bba82aa38d3420fee,Pleural thickening,Pleural_Thickening,False,False,0.0,0.010532924107142858
8ebf23deb8ee4d7bba82aa38d3420fee,Pulmonary fibrosis,Fibrosis,False,False,3.6146257116342895e-06,0.01929707429846939
de45e56d725f9c1e2d3dec69587b2682,Cardiomegaly,Cardiomegaly,True,True,0.6217139363288879,0.04274952168367347
63803ddfb3ea3bb435ff62c45ba78fde,Cardiomegaly,Cardiomegaly,True,True,0.8776049613952637,0.062181122448979595
a77bfe2433adc567669ac27ed874b0ed,Cardiomegaly,Cardiomegaly,True,False,0.6492164731025696,0.09680424904336735
a77bfe2433adc567669ac27ed874b0ed,Pulmonary fibrosis,Fibrosis,True,False,0.04021064192056656,0.031000876913265307
45fad4fe08460cf9aec10986ba13c582,Infiltration,Infiltration,False,False,0.0,0.027154416454081634
45fad4fe08460cf9aec10986ba13c582,Pulmonary fibrosis,Fibrosis,False,False,0.0,0.02434929049744898
94de62dfe739e0d39da5c014bc72576f,Cardiomegaly,Cardiomegaly,True,True,0.7794098258018494,0.06839923469387756
eab57c526a617da691b80234ed8ee9d9,Cardiomegaly,Cardiomegaly,False,True,0.6077005863189697,0.052834024234693876
e5c83f02dfe7265bb10020c2fc7b487a,Cardiomegaly,Cardiomegaly,True,True,0.7072110176086426,0.07484155771683673
4ef589fee1b30a47d9955e4613cf901c,Pleural effusion,Effusion,True,True,0.8251358270645142,0.2795360331632653
4ef589fee1b30a47d9955e4613cf901c,Pulmonary fibrosis,Fibrosis,False,False,0.2812596261501312,0.011683872767857142
6cde3166d972c7b9ceff0e6099d4e374,Pulmonary fibrosis,Fibrosis,True,False,0.010198910720646381,0.08141840720663265
6cde3166d972c7b9ceff0e6099d4e374,Nodule/Mass,Nodule,True,False,0.024895453825592995,0.0009616151147959184
18b362567e282e3ada32ee486ea6bad1,Cardiomegaly,Cardiomegaly,False,False,0.048848722130060196,0.042600047831632654
18b362567e282e3ada32ee486ea6bad1,Pulmonary fibrosis,Fibrosis,False,True,0.18267247080802917,0.033900669642857144
4db7b12c1770b0aef3a1ea88bb95d97a,Pleural thickening,Pleural_Thickening,True,False,0.0319061204791069,0.005675023915816327
de6783eb70869268dbd796a1d27de7a8,Cardiomegaly,Cardiomegaly,True,True,0.8965135216712952,0.0908950494260204
17285d4b3bcac950397f548d1d715043,Cardiomegaly,Cardiomegaly,True,True,0.9556824564933777,0.08403918207908163
49124d28f1789656d1da791c8f60b17a,Pleural effusion,Effusion,True,True,0.8405443429946899,0.17353914221938777
033dae57cec0aca171d47090f299bed2,Cardiomegaly,Cardiomegaly,True,True,0.7605345845222473,0.09471161511479592
300f0557394e4f85b5704774106a2067,Cardiomegaly,Cardiomegaly,True,True,0.7795718908309937,0.08019272161989796
17dc4a83558d835efd5f7d6f110f07f3,Nodule/Mass,Mass,True,False,0.07808072119951248,0.004170320471938775
0508d7ea85ba9be425657cc04c24a4f8,Cardiomegaly,Cardiomegaly,True,True,0.9597140550613403,0.07859335140306123
1a414a1cb6b545c2ee4de4abede481c7,Pulmonary fibrosis,Fibrosis,True,False,0.2620806097984314,0.3472427056760204
1a414a1cb6b545c2ee4de4abede481c7,Nodule/Mass,Nodule,True,True,0.9503018856048584,0.25582449776785715
e7c2c01276add5f38a01ceeec66b7f22,Cardiomegaly,Cardiomegaly,True,True,0.7300907373428345,0.08995336415816327
43b12f96beff0400ddc04da244e69983,Cardiomegaly,Cardiomegaly,True,True,0.9904195666313171,0.10213548309948979
96c522f25fae304c496697b220be49a6,Pulmonary fibrosis,Fibrosis,False,False,0.047230739146471024,0.020059390943877552
f7c4b8ffe5e3c01d6dd0165c9e3ad64f,Cardiomegaly,Cardiomegaly,True,True,0.7962507605552673,0.06447305484693877
d653c05dad30d8c04fa23fdac2572ab6,Pleural effusion,Effusion,False,False,0.01117559801787138,0.01044822225765306
d653c05dad30d8c04fa23fdac2572ab6,Pleural thickening,Pleural_Thickening,True,False,0.003009430132806301,0.01044822225765306
d653c05dad30d8c04fa23fdac2572ab6,Pulmonary fibrosis,Fibrosis,True,False,0.0,0.01861945950255102
a9141690efddf683c82a9d90af347ab1,Pulmonary fibrosis,Fibrosis,True,False,0.08170496672391891,0.0272640306122449
00675cd546313f912cadd4ad54415d69,Cardiomegaly,Cardiomegaly,True,True,0.5969640016555786,0.08111945950255102
0e8d3736396b615c0798033f37e4a481,Pleural effusion,Effusion,True,True,0.5609347820281982,0.027622767857142856
0e8d3736396b615c0798033f37e4a481,Pleural thickening,Pleural_Thickening,True,False,0.0,0.006188217474489796
0e8d3736396b615c0798033f37e4a481,Pneumothorax,Pneumothorax,True,True,0.7393457293510437,0.15540796396683673
7c7dce16fd7f16d1abd3a6f47e60cb9f,Pulmonary fibrosis,Fibrosis,True,False,0.06253001093864441,0.0040507413903061226
b3d1eabc4bb5b66d92f3fae7ddb67b29,Pulmonary fibrosis,Fibrosis,True,False,0.0913269966840744,0.021937779017857144
70e621d1855d992b74df22c66021b25d,Pleural effusion,Effusion,True,True,0.9866267442703247,0.11051100127551021
56dd85ec693c65d811902a9054610f8b,Consolidation,Consolidation,True,True,0.38361719250679016,0.04205197704081633
56dd85ec693c65d811902a9054610f8b,Pleural thickening,Pleural_Thickening,True,False,0.0,0.028365154655612245
56dd85ec693c65d811902a9054610f8b,Pulmonary fibrosis,Fibrosis,True,True,0.36012178659439087,0.060825892857142856
56dd85ec693c65d811902a9054610f8b,Nodule/Mass,Mass,True,True,0.25360971689224243,0.03610291772959184
1e8892e58834c2a38f8d0b574327ed81,Cardiomegaly,Cardiomegaly,True,False,0.556128978729248,0.044677734375
1e8892e58834c2a38f8d0b574327ed81,Infiltration,Infiltration,False,False,0.46774446964263916,0.02703483737244898
1e8892e58834c2a38f8d0b574327ed81,Pulmonary fibrosis,Fibrosis,True,True,0.30593928694725037,0.02703483737244898
9255e7154b30dcddd72f1f5ae6e46470,Consolidation,Consolidation,True,True,0.5582698583602905,0.11421795280612244
9255e7154b30dcddd72f1f5ae6e46470,Infiltration,Infiltration,True,True,0.7051226496696472,0.17290636957908162
9255e7154b30dcddd72f1f5ae6e46470,Pleural effusion,Effusion,False,False,0.06225864589214325,0.013881138392857142
9255e7154b30dcddd72f1f5ae6e46470,Pleural thickening,Pleural_Thickening,True,True,0.6289967894554138,0.10566804846938775
9255e7154b30dcddd72f1f5ae6e46470,Pulmonary fibrosis,Fibrosis,True,True,0.5293145775794983,0.15953344228316327
550b3741c40e9beaddd7aaf69274da50,Cardiomegaly,Cardiomegaly,True,True,0.8788353204727173,0.07205636160714286
930a3d2c506f5035a1aa301b401f6fec,Cardiomegaly,Cardiomegaly,True,True,0.9493510127067566,0.08713827327806123
a68dc259352540652c16a30b4ad4c99f,Infiltration,Infiltration,True,True,0.3572379946708679,0.05056202168367347
a68dc259352540652c16a30b4ad4c99f,Pulmonary fibrosis,Fibrosis,True,True,0.5281404852867126,0.08893195950255102
9f9ab4b3170b84ec04b006d522114f24,Cardiomegaly,Cardiomegaly,True,True,0.7504420280456543,0.10426299426020408
3b684bf9b1beb9744ac598bb19b6dd6f,Cardiomegaly,Cardiomegaly,True,True,0.9410263895988464,0.10015246332908163
3c0343764fd0e6b3edb40b15740a597e,Cardiomegaly,Cardiomegaly,False,True,0.5082511305809021,0.05524553571428571
3c0343764fd0e6b3edb40b15740a597e,Infiltration,Infiltration,True,True,0.4470249116420746,0.03518614477040816
8079e09258000b9f94f8318ce4d0412d,Cardiomegaly,Cardiomegaly,False,True,0.7778353095054626,0.08696388711734694
e9e1a8854e0bec89e37445f9cbf7bb95,Nodule/Mass,Nodule,True,False,0.17193283140659332,0.004558952487244898
800a68b6e6a75b5d6e5c3160ddafe266,Cardiomegaly,Cardiomegaly,True,True,0.9633659720420837,0.10898138552295919
b89103ceb6d47e45889eb9a21d04542c,Cardiomegaly,Cardiomegaly,False,False,0.0,0.05901725924744898
323029b8a64431ac83ea6c71804f42c9,Cardiomegaly,Cardiomegaly,True,True,0.9552066922187805,0.11990294164540816
adec73c9152d88ac38c830602cd8b1ad,Nodule/Mass,Mass,True,False,0.44446077942848206,0.04364138233418367
2583527ca7c4a6e278fb4506ba8637ab,Cardiomegaly,Cardiomegaly,False,True,0.9957782626152039,0.10684889190051021
2583527ca7c4a6e278fb4506ba8637ab,Pneumothorax,Pneumothorax,False,True,0.6552823185920715,0.03477260044642857
2583527ca7c4a6e278fb4506ba8637ab,Pulmonary fibrosis,Fibrosis,False,False,0.0,0.036865234375
eaaa04823e2280d1cb8cb5b52952d7ad,Cardiomegaly,Cardiomegaly,True,True,0.8268852829933167,0.07879264987244898
13dbf07cb1c5273a89053346f7acf0f1,Cardiomegaly,Cardiomegaly,True,True,0.8899760842323303,0.105224609375
3005e709b7711027df25c715b6ebff02,Cardiomegaly,Cardiomegaly,True,True,0.6415515542030334,0.08766641422193877
573ff866dcd6b3a8805c5b87c4df8ff8,Cardiomegaly,Cardiomegaly,True,True,0.854904055595398,0.08969427614795919
f25a910b0e75a30296bb0350b2a648bd,Pleural effusion,Effusion,True,True,0.7078997492790222,0.09976881377551021
f25a910b0e75a30296bb0350b2a648bd,Pneumothorax,Pneumothorax,True,True,0.6307433247566223,0.0958725286989796
c39440999e8b3e376911ab851a7c56f6,Cardiomegaly,Cardiomegaly,True,True,0.8156181573867798,0.06945551658163265
59463dec11bd9627f875e0372d9ce1e2,Cardiomegaly,Cardiomegaly,True,True,0.7166078090667725,0.05038265306122449
04d3efc7a608c4d58edb8c1b7f90a708,Nodule/Mass,Mass,False,False,0.0,0.001878388073979592
368befaff55745e30b3f200b298b2fd6,Cardiomegaly,Cardiomegaly,True,True,0.8680630922317505,0.08041194993622448
5766dfc49e91557e8cd4a06a406b8890,Pulmonary fibrosis,Fibrosis,False,False,0.13796518743038177,0.03746811224489796
b8202fc93f201492ab7880cb6b4c9165,Consolidation,Consolidation,True,True,0.43397361040115356,0.09234494579081633
b8202fc93f201492ab7880cb6b4c9165,Pleural effusion,Effusion,True,True,0.9802173376083374,0.22976124043367346
84b3b3b5c73b0798b732b4f34f84ca05,Cardiomegaly,Cardiomegaly,False,True,0.7293563485145569,0.05349170918367347
a2de4d532410b97fe4080e096ca6010d,Cardiomegaly,Cardiomegaly,True,True,0.5460864901542664,0.07432836415816327
a2de4d532410b97fe4080e096ca6010d,Pulmonary fibrosis,Fibrosis,True,False,0.0020036036148667336,0.011125837053571428
5da459bb842baf8b844d998f5b6c996c,Cardiomegaly,Cardiomegaly,True,True,0.857074499130249,0.08884227519132654
5da459bb842baf8b844d998f5b6c996c,Pulmonary fibrosis,Fibrosis,False,True,0.14103037118911743,0.004733338647959184
90014bdac9592e29646c4c358275fdfc,Pulmonary fibrosis,Fibrosis,True,False,0.0454891063272953,0.02505680006377551
63ae0334ee9804a3bb06d66432fefa26,Cardiomegaly,Cardiomegaly,True,True,0.69062739610672,0.08801020408163265
d5a6b16e6de1f5f21a7a549a84af463f,Cardiomegaly,Cardiomegaly,False,True,0.9902076721191406,0.07288843271683673
fb8e11c6b2886b2d41b379e0598669b9,Infiltration,Infiltration,True,True,0.8287250995635986,0.05072146045918367
fb8e11c6b2886b2d41b379e0598669b9,Pleural thickening,Pleural_Thickening,True,False,0.001629066071473062,0.02382613201530612
fb8e11c6b2886b2d41b379e0598669b9,Nodule/Mass,Mass,True,False,0.20924422144889832,0.004439373405612245
e31be972e181987a8600a8700c1ebe88,Pleural thickening,Pleural_Thickening,True,True,0.351707398891449,0.19220842633928573
e31be972e181987a8600a8700c1ebe88,Nodule/Mass,Nodule,True,False,0.0,0.003966039540816327
8acab997bea043eb15c9aa293b095374,Nodule/Mass,Nodule,False,False,0.0,0.0006327726403061224
11dbd33fc77075c94a202362ed8e197e,Consolidation,Consolidation,False,True,0.2637648582458496,0.0244140625
1aef7fa409ee0cb4579032577e02e9cb,Infiltration,Infiltration,True,True,0.8776247501373291,0.2526157924107143
1aef7fa409ee0cb4579032577e02e9cb,Pulmonary fibrosis,Fibrosis,True,True,0.7267351746559143,0.2526157924107143
d1605d4007fbbdbec96acce4a834d10b,Pleural effusion,Effusion,True,False,0.04037206992506981,0.021853077168367346
d1605d4007fbbdbec96acce4a834d10b,Pulmonary fibrosis,Fibrosis,False,False,0.1232239156961441,0.019770408163265307
58f0f69ce610c51dbecd42b9e83677c5,Cardiomegaly,Cardiomegaly,True,True,0.9020788073539734,0.07172253667091837
255f4987d211d413e7823dea2ac6642c,Cardiomegaly,Cardiomegaly,True,True,0.9717607498168945,0.11715760522959184
78d237a2c0fe8f82956cec48132c0b1e,Cardiomegaly,Cardiomegaly,True,True,0.9102711081504822,0.11716258769132654
64f4fa78d723ad71e2422bc74bcd38f4,Pleural thickening,Pleural_Thickening,True,False,0.0612642839550972,0.02037826849489796
64f4fa78d723ad71e2422bc74bcd38f4,Pulmonary fibrosis,Fibrosis,True,False,0.285516619682312,0.051947146045918366
7a7b30a642d5f305ccf5f7a6f2e901e8,Pleural thickening,Pleural_Thickening,True,False,0.006517857313156128,0.003976004464285714
6a4b3bf66d8876480d5ea698d3f9304a,Cardiomegaly,Cardiomegaly,True,True,0.7722853422164917,0.07573341836734694
a24f6e745dea4cfb8c3a31aa084650f7,Nodule/Mass,Mass,False,False,0.3347301483154297,0.06001873405612245
be1bb194dfb986bf7554b491852b8901,Cardiomegaly,Cardiomegaly,False,True,0.7511560916900635,0.050103635204081634
55bb2808e74d4d4bfda40275268603a4,Infiltration,Infiltration,False,False,0.0,0.04572405133928571
1d74c92a1e6adfcb63162f9b72edfc56,Cardiomegaly,Cardiomegaly,True,True,0.9176828265190125,0.08885722257653061
153fd46b282d26c98f85a5886214535e,Cardiomegaly,Cardiomegaly,True,True,0.5354334712028503,0.052390585140306124
492c436c00725c4c909ec6fbc9223b92,Pleural effusion,Effusion,False,False,0.0,0.01297931281887755
492c436c00725c4c909ec6fbc9223b92,Pleural thickening,Pleural_Thickening,True,False,0.0,0.021848094706632654
68ad460a32591dc2d5d522e9c913cad8,Cardiomegaly,Cardiomegaly,False,True,0.8071362972259521,0.07157306281887756
513203e29fe43941076e37a945e58c36,Nodule/Mass,Mass,True,True,0.7987318634986877,0.10476124043367346
f7cca0874f0a8fdfdcb8952ec15c2e24,Pulmonary fibrosis,Fibrosis,True,True,0.32297688722610474,0.06749242665816327
7216517a6e4daf3bd95b7b065dac16dd,Cardiomegaly,Cardiomegaly,False,True,0.8171423673629761,0.08210100446428571
85e95b13040ae3e20eccac186b93e6ac,Pleural effusion,Effusion,True,True,0.9239184260368347,0.0945621412627551
85e95b13040ae3e20eccac186b93e6ac,Pulmonary fibrosis,Fibrosis,True,False,0.08980497717857361,0.024538624043367346
a9ed4b5aaf129325369ebae1cfd5e321,Nodule/Mass,Nodule,True,True,0.5688949227333069,0.18116230867346939
01570ee44031e4ebab6031501293bf66,Atelectasis,Atelectasis,True,True,0.8653345704078674,0.12992267219387754
01570ee44031e4ebab6031501293bf66,Cardiomegaly,Cardiomegaly,True,True,0.8333118557929993,0.06439333545918367
e67e4cab40626c54b8fc20ce6e9e4273,Pleural effusion,Effusion,False,False,0.0,0.0029595822704081634
e67e4cab40626c54b8fc20ce6e9e4273,Pleural thickening,Pleural_Thickening,False,False,0.0,0.003587372448979592
d33e30f362a5e816c72f2d2e81b810bd,Cardiomegaly,Cardiomegaly,True,True,0.843505859375,0.06661053093112244
d23be2fc84b61c8250b0047619c34f1a,Cardiomegaly,Cardiomegaly,True,True,0.8720374703407288,0.09110431281887756
0fca086ebe001f784d428aa9973ba691,Cardiomegaly,Cardiomegaly,True,True,0.8691613078117371,0.11300223214285714
0fca086ebe001f784d428aa9973ba691,Pleural thickening,Pleural_Thickening,True,False,0.011127809062600136,0.008998325892857142
ef8abdca805f7af833aecafaddbf818e,Cardiomegaly,Cardiomegaly,True,True,0.6306878328323364,0.047996053890306124
269fc38670939729787d740e47145028,Pulmonary fibrosis,Fibrosis,False,False,0.09511509537696838,0.018031529017857144
8d002d924e667aded2857442587afe81,Cardiomegaly,Cardiomegaly,True,True,0.7667933702468872,0.07284857302295919
8d002d924e667aded2857442587afe81,Pulmonary fibrosis,Fibrosis,True,False,0.01611398532986641,0.0036521444515306123
3fad3a7c3d91d5d5eca2c522ac7df822,Cardiomegaly,Cardiomegaly,True,True,0.6508119702339172,0.07118443080357142
25e99dd3d0a8e45529b0c04f28a31313,Pleural effusion,Effusion,True,True,0.9722879528999329,0.11635542889030612
11b3a0fe7f25bbe7643c60bcb14c35f5,Nodule/Mass,Mass,True,True,0.733037531375885,0.15821308992346939
6e469682b53c4c558e23632c4c7e4fe5,Pulmonary fibrosis,Fibrosis,True,False,0.41951748728752136,0.11607142857142858
30d01b42c2a0495ceea5873455e4c4e4,Cardiomegaly,Cardiomegaly,True,True,0.9467840194702148,0.07790577168367346
70050ec61a0f61030b7ce001eab0fefa,Infiltration,Infiltration,True,True,0.9848689436912537,0.14887097417091838
70050ec61a0f61030b7ce001eab0fefa,Pleural effusion,Effusion,True,True,0.5030680894851685,0.1810925542091837
70050ec61a0f61030b7ce001eab0fefa,Pleural thickening,Pleural_Thickening,True,True,0.8286169171333313,0.08873764349489796
6e1a6f52b179c14edd1af37ead978cb2,Cardiomegaly,Cardiomegaly,True,True,0.9335228204727173,0.08576311383928571
6a69a393d7beccc1043d5ee8cf0517d4,Pleural effusion,Effusion,False,False,0.05063984915614128,0.009068080357142858
6a69a393d7beccc1043d5ee8cf0517d4,Pleural thickening,Pleural_Thickening,False,False,0.0,0.009068080357142858
4010817f919544f7c1c7eef1858ce071,Pleural thickening,Pleural_Thickening,True,False,0.07865357398986816,0.014259805484693877
4010817f919544f7c1c7eef1858ce071,Nodule/Mass,Nodule,True,False,0.045188866555690765,0.013841278698979591
d06c3bda18d5dc7ff656faf4358615a4,Pulmonary fibrosis,Fibrosis,False,False,0.0,0.011494539221938776
b58f3853512c47b9d88eca193031b650,Infiltration,Infiltration,True,False,0.22614946961402893,0.014962332589285714
edbb3284303d5df669dc8bd73ea38358,Pleural thickening,Pleural_Thickening,True,False,0.1856141984462738,0.08462711256377552
edbb3284303d5df669dc8bd73ea38358,Pulmonary fibrosis,Fibrosis,True,True,0.5908681154251099,0.110107421875
55e7a17c7a91bf95becd6366d7b93640,Cardiomegaly,Cardiomegaly,True,True,0.7906794548034668,0.08953981983418367
04d462de5e02b54e3756875caebda95c,Cardiomegaly,Cardiomegaly,True,True,0.8137367963790894,0.16962292729591838
b41fd5f3e08360e72cc4d73a83a1b610,Cardiomegaly,Cardiomegaly,True,True,0.9450007081031799,0.11805444834183673
a9ab4843564feecfc052a300af02cf71,Cardiomegaly,Cardiomegaly,False,True,0.9299255013465881,0.0711196588010204
5f6d317d6ef78eb1f66b9cf0f0bd8555,Pleural effusion,Effusion,False,False,0.016363035887479782,0.014728156887755101
5f6d317d6ef78eb1f66b9cf0f0bd8555,Pleural thickening,Pleural_Thickening,False,False,0.010570881888270378,0.015390824298469387
73dcc0c151e92d0090c75815c315ba83,Cardiomegaly,Cardiomegaly,True,True,0.9972871541976929,0.11927515146683673
84073a6a8201f339407be82dda7e1303,Pulmonary fibrosis,Fibrosis,False,False,0.010632265359163284,0.0020079320790816328
228f1394daba97a4ce03ae7e866ec2ac,Cardiomegaly,Cardiomegaly,True,True,0.9127930402755737,0.09067083864795919
972b79ab9ba7e34488c4459e43241ab4,Cardiomegaly,Cardiomegaly,True,True,0.8454923629760742,0.08858816964285714
ae7e40fec9afc78a66a48232532faa07,Nodule/Mass,Nodule,False,False,0.0,0.0007274394132653062
acc7065e73590820d1fa944488092d59,Pleural thickening,Pleural_Thickening,True,False,0.0,0.022710060586734693
ab730707fed0edaf38a9b788b226b9f2,Pleural thickening,Pleural_Thickening,True,True,0.7299559712409973,0.14383868781887754
ab730707fed0edaf38a9b788b226b9f2,Pulmonary fibrosis,Fibrosis,False,False,0.26256993412971497,0.0209163743622449
e2f74cb96fb90ec20839f4ff497c007f,Pleural thickening,Pleural_Thickening,True,False,0.0,0.013213488520408163
e2f74cb96fb90ec20839f4ff497c007f,Nodule/Mass,Mass,False,False,0.01613425277173519,0.010034677933673469
b0c015954f4b80fddd0ed4d105e9e434,Cardiomegaly,Cardiomegaly,True,True,0.8622387647628784,0.07957489636479592
803e047ce22c14175d0631e947ed1599,Atelectasis,Atelectasis,False,True,0.15755683183670044,0.025515186543367346
0dc30d30a14a6a68c9bec20ee32331c2,Cardiomegaly,Cardiomegaly,True,True,0.7609608769416809,0.09971898915816327
985aa6789515f5ad438d2384ed52cda9,Pleural thickening,Pleural_Thickening,True,False,0.047953229397535324,0.014090401785714286
985aa6789515f5ad438d2384ed52cda9,Pulmonary fibrosis,Fibrosis,True,False,0.09101983159780502,0.035101442920918366
f034b173fe81cebbf8ba0b793c3d3eb1,Nodule/Mass,Nodule,False,False,0.00827348418533802,0.0017338966836734694
10f28558b1667b3d30d9e4c44f7a5bc6,Nodule/Mass,Nodule,False,False,0.16588760912418365,0.008001833545918368
28711a5bb20257be65943b9374dfb3c3,Cardiomegaly,Cardiomegaly,True,True,0.9022424817085266,0.07229053730867346
8a67f8e2673ceb7004824904b6e72055,Cardiomegaly,Cardiomegaly,True,True,0.675201952457428,0.05435367506377551
ea4fd210b0300b23ee63f0b8352390be,Cardiomegaly,Cardiomegaly,True,True,0.8333954811096191,0.058314732142857144
ea0ab2737896670ca5d52dd4b10285ab,Infiltration,Infiltration,False,False,0.14919966459274292,0.26185825892857145
ea0ab2737896670ca5d52dd4b10285ab,Nodule/Mass,Nodule,True,False,0.6066287755966187,0.14603595344387754
c4e8d9bb21040cbe94f1763856bfcfe2,Cardiomegaly,Cardiomegaly,True,True,0.8832181096076965,0.06449298469387756
ded121c1fb2afcda23e7eb5aefa7daa0,Cardiomegaly,Cardiomegaly,True,True,0.938936710357666,0.08977897799744898
62b135c34d01b4af10c39d65939d9d43,Infiltration,Infiltration,False,False,0.13620024919509888,0.040935905612244895
62b135c34d01b4af10c39d65939d9d43,Pleural effusion,Effusion,True,False,0.2978646457195282,0.042724609375
f8418a411444f8ea00f9b3affe70a758,Pleural effusion,Effusion,True,True,0.7870355844497681,0.041782924107142856
dd736e1b1729796f6212e55b7fef44b7,Cardiomegaly,Cardiomegaly,True,False,0.6790044903755188,0.06348154496173469
dd736e1b1729796f6212e55b7fef44b7,Pleural effusion,Effusion,True,False,0.31461822986602783,0.0982242506377551
a94ecf839c2405342ebcb57648444e2a,Pleural effusion,Effusion,True,False,0.05443981662392616,0.01674605389030612
a94ecf839c2405342ebcb57648444e2a,Pleural thickening,Pleural_Thickening,True,False,0.07305265218019485,0.014155173788265306
a94ecf839c2405342ebcb57648444e2a,Pulmonary fibrosis,Fibrosis,False,False,0.010169487446546555,0.013034119897959183
b2506496d79b479a6b1427288235190c,Pleural effusion,Effusion,False,False,0.02210385352373123,0.00481804049744898
b2506496d79b479a6b1427288235190c,Pleural thickening,Pleural_Thickening,True,False,0.021027501672506332,0.006407445790816327
b2506496d79b479a6b1427288235190c,Pneumothorax,Pneumothorax,False,False,0.001805147621780634,0.06708386479591837
145177b578f321dbf3016984059384d7,Cardiomegaly,Cardiomegaly,True,True,0.8088484406471252,0.05089584661989796
9fccf640c41b789bef11c3437045436d,Cardiomegaly,Cardiomegaly,True,True,0.9088031053543091,0.08857820471938775
b80be20a79e5a7539bd00f4907b444b2,Cardiomegaly,Cardiomegaly,True,True,0.9999316930770874,0.12107382015306123
a2ca3716b1e7923e5f8e0fc6f8200509,Cardiomegaly,Cardiomegaly,True,True,0.6564690470695496,0.0628238600127551
a2ca3716b1e7923e5f8e0fc6f8200509,Pulmonary fibrosis,Fibrosis,True,False,0.026351815089583397,0.016561702806122448
53023065af5f5dbdc581ae1d01c707ba,Pulmonary fibrosis,Fibrosis,True,False,0.10179847478866577,0.011160714285714286
d1eb013c56b49d88034915dbee6c5f68,Pulmonary fibrosis,Fibrosis,True,False,0.22433467209339142,0.03857920121173469
69972b49aac9f4aea137e51984cf8691,Infiltration,Infiltration,True,True,0.9275870323181152,0.11559311224489796
69972b49aac9f4aea137e51984cf8691,Nodule/Mass,Mass,True,False,0.21756157279014587,0.01846500318877551
8dc9c4a2edfac5c6ed1b0246e435aff9,Cardiomegaly,Cardiomegaly,True,True,0.6800540089607239,0.050701530612244895
d015e02257639b55b196e26820e10081,Pulmonary fibrosis,Fibrosis,True,False,0.021655671298503876,0.013303172831632654
16b02dc3b4e8deb6c1cc686c9ef911dd,Pleural effusion,Effusion,False,False,0.0,0.0022620376275510204
16b02dc3b4e8deb6c1cc686c9ef911dd,Pleural thickening,Pleural_Thickening,False,False,0.04848042130470276,0.012789979272959183
16b02dc3b4e8deb6c1cc686c9ef911dd,Pulmonary fibrosis,Fibrosis,False,False,0.14320333302021027,0.025450414540816327
6d08a56a5d1e0918469413c81abc33bc,Pleural thickening,Pleural_Thickening,True,False,0.030211426317691803,0.008883729272959183
f87d4c4e7d55bc2cbd44e80bf51f8bc6,Cardiomegaly,Cardiomegaly,True,True,0.9118186831474304,0.08167749521683673
2a848e44e179f5e9b7d708835cfa5109,Cardiomegaly,Cardiomegaly,False,True,0.6970701217651367,0.04845444036989796
2a848e44e179f5e9b7d708835cfa5109,Pleural effusion,Effusion,True,False,0.04795336723327637,0.005919164540816327
2a848e44e179f5e9b7d708835cfa5109,Pleural thickening,Pleural_Thickening,True,False,0.00601316848769784,0.005919164540816327
abffa843a8032bc9d0fd85b85ee99ca3,Cardiomegaly,Cardiomegaly,True,True,0.9204321503639221,0.06251992984693877
abffa843a8032bc9d0fd85b85ee99ca3,Pleural thickening,Pleural_Thickening,False,False,0.01964510791003704,0.005779655612244898
abffa843a8032bc9d0fd85b85ee99ca3,Nodule/Mass,Nodule,False,False,0.0,0.011997767857142858
79af351d135ae05867a85d509082f530,Cardiomegaly,Cardiomegaly,False,True,0.7414699196815491,0.061314174107142856
ff4cd09578f32d803e5996a4a2ec29b2,Cardiomegaly,Cardiomegaly,True,True,0.9276671409606934,0.10718769929846939
4bb91fbeec0e58edace928f8b991cdbb,Cardiomegaly,Cardiomegaly,True,True,0.6387280225753784,0.05376076211734694
d65e8ebeaf0add8c9491ba9d8b35931e,Pleural effusion,Effusion,True,False,0.07591985911130905,0.022431042729591837
d65e8ebeaf0add8c9491ba9d8b35931e,Pulmonary fibrosis,Fibrosis,True,False,0.08242415636777878,0.009486607142857142
8a87a85a22182720d845212dfb44daef,Cardiomegaly,Cardiomegaly,True,True,0.8545379638671875,0.06296835140306123
e2729583d1f9bbee7c2f1a9f3e483936,Pulmonary fibrosis,Fibrosis,True,False,0.052201978862285614,0.03375119579081633
db724caf57a7adc90648a092e9fa2395,Pneumothorax,Pneumothorax,False,True,0.8076167106628418,0.27535076530612246
afb8601b20f73b8ca44fbb72ceb39a1a,Pulmonary fibrosis,Fibrosis,True,False,0.03122643753886223,0.03697983099489796
e0ad8549835ae5a3208c03ce618e79a0,Pulmonary fibrosis,Fibrosis,True,False,0.07385284453630447,0.025913783482142856
e0ad8549835ae5a3208c03ce618e79a0,Nodule/Mass,Nodule,True,False,0.06363706290721893,0.01842514349489796
2bac12b65fe143e0d0a4b56b320782e8,Pleural effusion,Effusion,True,True,0.9905933737754822,0.24421037946428573
b482f72073e73cea73cc82ea02b353da,Cardiomegaly,Cardiomegaly,False,True,0.5132259726524353,0.06495137117346939
345639c3ba00cacecffade02ebad61ba,Cardiomegaly,Cardiomegaly,True,True,0.8295415043830872,0.11169184470663265
fee46e386a84e134836e01d0b9a38154,Cardiomegaly,Cardiomegaly,True,True,0.8207619190216064,0.06179249043367347
98f00bae3d65ebcebd046c12e5b27f7c,Pleural effusion,Effusion,True,False,0.15792277455329895,0.004065688775510204
98f00bae3d65ebcebd046c12e5b27f7c,Pleural thickening,Pleural_Thickening,True,False,0.05435542017221451,0.004065688775510204
98f00bae3d65ebcebd046c12e5b27f7c,Pneumothorax,Pneumothorax,True,False,0.14806723594665527,0.2592823262117347
5af9cf3407df191a1c8fb59d76593d22,Cardiomegaly,Cardiomegaly,True,True,0.8051155209541321,0.07531489158163265
f62c4b2e9c78abcf338d9226c55b7e1e,Cardiomegaly,Cardiomegaly,True,True,0.7937246561050415,0.09304747289540816
84c887e039ef9c6f05eac4a7920a3bab,Cardiomegaly,Cardiomegaly,True,True,0.928468644618988,0.07741250797193877
39394c845e092472bfff78c26ce9feb4,Cardiomegaly,Cardiomegaly,False,False,0.0,0.05384546396683673
6452a9e9489dadc789cb44af7d3dadab,Pleural effusion,Effusion,True,False,0.10591945052146912,0.00284000318877551
6452a9e9489dadc789cb44af7d3dadab,Pleural thickening,Pleural_Thickening,True,False,0.0,0.00284000318877551
4e3a3b03cf00a9060ac139f57843a241,Pneumothorax,Pneumothorax,False,False,0.012277829460799694,0.05189732142857143
4e3a3b03cf00a9060ac139f57843a241,Pulmonary fibrosis,Fibrosis,True,True,0.5564119219779968,0.06507095025510204
13ceff5f3d113919c224c8b42d3c2411,Pleural effusion,Effusion,True,True,0.6564307808876038,0.11134805484693877
13ceff5f3d113919c224c8b42d3c2411,Pulmonary fibrosis,Fibrosis,False,False,0.0,0.011997767857142858
f32fbc404c68b727c5bf14bca3ec7b5e,Cardiomegaly,Cardiomegaly,True,True,0.8264106512069702,0.08896185427295919
f32fbc404c68b727c5bf14bca3ec7b5e,Pleural effusion,Effusion,False,False,5.881155448150821e-05,0.0022969148596938774
f32fbc404c68b727c5bf14bca3ec7b5e,Pleural thickening,Pleural_Thickening,True,False,0.0,0.0022969148596938774
f32fbc404c68b727c5bf14bca3ec7b5e,Pulmonary fibrosis,Fibrosis,True,True,0.2580859959125519,0.1283233019770408
faf2eeb7b3818ff5941115c3f9b6070e,Cardiomegaly,Cardiomegaly,False,False,0.48787227272987366,0.05979950573979592
a76bd15bd83fe8e44ccdfd058d42d4aa,Infiltration,Infiltration,False,True,0.3471660614013672,0.022426060267857144
4bd2c3d9e7b1e62d3b55d858b5dca1a0,Pleural effusion,Effusion,True,True,0.4240401089191437,0.15133729272959184
4bd2c3d9e7b1e62d3b55d858b5dca1a0,Pulmonary fibrosis,Fibrosis,True,False,0.03127053752541542,0.01986507493622449
acf300f2bafea4a7050e1189c1419c7e,Cardiomegaly,Cardiomegaly,True,True,0.7091758251190186,0.09707828443877552
7882c56e6d4e2ec8b97556d8cfce4cf0,Cardiomegaly,Cardiomegaly,True,True,0.8496337532997131,0.07019790338010204
3875a7e4eb1bdb443470a1abbe93cb58,Cardiomegaly,Cardiomegaly,True,True,0.7280654311180115,0.060492067920918366
6081e75c58a050442a9ff3a5a2a51ffc,Atelectasis,Atelectasis,True,False,0.11765006929636002,0.01264548788265306
551456e08a1327bdba41297c8ebb8c6f,Cardiomegaly,Cardiomegaly,True,True,0.23582829535007477,0.07054169323979592
9ce5d86c2dcaacd045d5f52587e41247,Cardiomegaly,Cardiomegaly,False,False,0.3475072979927063,0.041693239795918366
7653a1c4431f1929ae8c73588e39b8d5,Cardiomegaly,Cardiomegaly,False,True,0.9195157289505005,0.07410415338010204
67c83db34f74fb6203fc52f789ec3a31,Cardiomegaly,Cardiomegaly,True,True,0.9108055233955383,0.07232541454081633
67c83db34f74fb6203fc52f789ec3a31,Pleural thickening,Pleural_Thickening,True,False,0.0,0.002481265943877551
bbe4356faa4ee427169a71d8ed020921,Cardiomegaly,Cardiomegaly,True,False,0.549865186214447,0.057627152423469385
54fa20d07ac42e467ab67a87cf8563a3,Consolidation,Consolidation,True,False,0.2010553926229477,0.09567821269132654
a629d0f2bd9dfde3991ef4aec75e1c8e,Pleural thickening,Pleural_Thickening,True,False,0.1002577394247055,0.016407246492346938
a629d0f2bd9dfde3991ef4aec75e1c8e,Nodule/Mass,Nodule,True,False,0.08392073214054108,0.003826530612244898
f09f740821c6160878d713149db4adf6,Infiltration,Infiltration,True,True,0.8462967276573181,0.10485590720663265
72a60e1680fed635062ad42bc5df893d,Cardiomegaly,Cardiomegaly,True,True,0.9730678200721741,0.07923608896683673
0844f274f2a388e70231d3133754ac35,Pleural thickening,Pleural_Thickening,True,False,0.1254025250673294,0.026895328443877552
cc625b64cd45864eb85bdf4446e813a4,Cardiomegaly,Cardiomegaly,False,True,0.5066614747047424,0.06991390306122448
cc625b64cd45864eb85bdf4446e813a4,Pulmonary fibrosis,Fibrosis,False,False,0.0,0.003138950892857143
659c6031ed4b7d875e5e14662eb50bf2,Pleural thickening,Pleural_Thickening,True,False,0.5698404312133789,0.07562380420918367
659c6031ed4b7d875e5e14662eb50bf2,Pulmonary fibrosis,Fibrosis,True,False,0.0007754862308502197,0.019924864477040817
f5f1591393eb38f422ba01ece830b176,Cardiomegaly,Cardiomegaly,True,True,0.7992927432060242,0.09059111926020408
65bf4d6bc6fcf6a912ef3ec74bf9e35c,Pulmonary fibrosis,Fibrosis,True,True,0.32871994376182556,0.04143913424744898
77508393a893101ef38598222327703f,Cardiomegaly,Cardiomegaly,True,True,0.8898945450782776,0.05912687340561224
13776ecb39222a7aaace2d9721abebbe,Pleural effusion,Effusion,True,False,0.4498477876186371,0.2714245854591837
ddc38d560476be1d8fc06f8867c0277b,Cardiomegaly,Cardiomegaly,True,True,0.8903566598892212,0.17460040656887754
2116aa83dd20261a1c6f4b13ea3eafbc,Cardiomegaly,Cardiomegaly,False,False,0.5573393106460571,0.05710897640306122
600f30b4b9e4eab1d027065d4b0140fc,Cardiomegaly,Cardiomegaly,True,True,0.869989812374115,0.07505580357142858
b78367d7be3c92afe88f13efcb6dcaf5,Pleural thickening,Pleural_Thickening,True,False,0.02208179235458374,0.02577925701530612
b78367d7be3c92afe88f13efcb6dcaf5,Pulmonary fibrosis,Fibrosis,True,False,0.0015533228870481253,0.04192741549744898
b66d58ed04096cca4e4fbb0da6e74592,Cardiomegaly,Cardiomegaly,True,True,0.9258793592453003,0.08360570790816327
da1f25221a05f7b1852b8191f89aca1f,Infiltration,Infiltration,True,False,0.504493236541748,0.10320172991071429
da1f25221a05f7b1852b8191f89aca1f,Pulmonary fibrosis,Fibrosis,True,False,0.4053632616996765,0.11693837691326531
a0f8199197edd3488950b47b3db6646b,Pulmonary fibrosis,Fibrosis,True,False,0.004839582834392786,0.010258888711734694
98cf181303375a6b877a30af28fa3bfc,Cardiomegaly,Cardiomegaly,True,True,0.8789470791816711,0.07125418526785714
98cf181303375a6b877a30af28fa3bfc,Pulmonary fibrosis,Fibrosis,True,True,0.38277003169059753,0.029047751913265307
b720e511bfdfb393b77a26c29fc8cd91,Pleural thickening,Pleural_Thickening,True,False,0.14089161157608032,0.015166613520408163
b720e511bfdfb393b77a26c29fc8cd91,Pulmonary fibrosis,Fibrosis,True,False,0.002354172058403492,0.031374561543367346
51422a086cffde581d437b25a71f2b20,Pleural thickening,Pleural_Thickening,False,False,0.0,0.008191167091836735
b6b3626c00261d525ff80435fe25eb5b,Cardiomegaly,Cardiomegaly,False,False,0.5024435520172119,0.0467155612244898
2e4b0a0fb7faf81bc42b46c3247ae8ad,Cardiomegaly,Cardiomegaly,True,False,0.554079532623291,0.04681521045918367
051c2436c0acdb5e09d085c7e4a764f3,Cardiomegaly,Cardiomegaly,True,True,0.9150640368461609,0.07035734215561225
93ed73782bc23a0ef9c426c21982d8d7,Pleural thickening,Pleural_Thickening,True,False,0.27145200967788696,0.04929149394132653
93ed73782bc23a0ef9c426c21982d8d7,Pulmonary fibrosis,Fibrosis,True,True,0.5048115253448486,0.0545280612244898
e74856412eeed254480c9d2f78d001d5,Cardiomegaly,Cardiomegaly,True,True,0.7237696051597595,0.11446707589285714
c38c9a98d30027a18e88f39346987f78,Cardiomegaly,Cardiomegaly,True,True,0.8676937818527222,0.07824956154336735
23976276263082c45eec8db02176a30b,Cardiomegaly,Cardiomegaly,True,True,0.5460858941078186,0.07692920918367346
f730c80ec55bf2f6b80001ec0686f245,Nodule/Mass,Mass,True,False,0.17968371510505676,0.013975805165816327
fad39dc356aaa2da58470c6daaba8112,Pleural effusion,Effusion,True,True,0.7536582946777344,0.10364018654336735
fad39dc356aaa2da58470c6daaba8112,Pleural thickening,Pleural_Thickening,True,False,0.11826391518115997,0.009885204081632654
c47bf1efb40dc9e8eb8975abcb539ab8,Infiltration,Infiltration,False,True,0.502648651599884,0.051234654017857144
c47bf1efb40dc9e8eb8975abcb539ab8,Pulmonary fibrosis,Fibrosis,True,True,0.46619778871536255,0.08278858418367346
ba142c273c1f6e0fcccfeec5751351b2,Cardiomegaly,Cardiomegaly,True,False,0.578845202922821,0.06171775350765306
69e693c4c5f1f8ad419b1d2ed43c7375,Pulmonary fibrosis,Fibrosis,False,False,0.008620349690318108,0.01480289381377551
0f4fd2b86df83111f83444ee90edbea1,Nodule/Mass,Mass,True,True,0.5113716721534729,0.038898078762755105
6d55788f759da917cf8b89f300764dee,Pleural effusion,Effusion,False,False,0.0,0.015874123086734693
6d55788f759da917cf8b89f300764dee,Pleural thickening,Pleural_Thickening,False,False,0.0,0.015874123086734693
d0252f72f9db197d04d2f59c8f77f908,Infiltration,Infiltration,True,True,0.7183037996292114,0.353515625
1fcceea02142af619405d89b9ee156fc,Cardiomegaly,Cardiomegaly,True,True,0.6050706505775452,0.06365094866071429
26585204e3c296a3b105bd5bd1c537ee,Infiltration,Infiltration,True,False,0.282968133687973,0.03049266581632653
e4e6a45ca9bfadf6a01e7e451539441a,Cardiomegaly,Cardiomegaly,True,True,0.680159330368042,0.06263950892857142
02a4774868d677ef8ecff2168c0161c0,Cardiomegaly,Cardiomegaly,True,True,0.8986284136772156,0.107421875
02a4774868d677ef8ecff2168c0161c0,Infiltration,Infiltration,True,True,0.321044921875,0.07049186862244898
02a4774868d677ef8ecff2168c0161c0,Pleural effusion,Effusion,True,False,0.0,0.004847935267857143
02a4774868d677ef8ecff2168c0161c0,Pleural thickening,Pleural_Thickening,False,False,0.0552440844476223,0.004847935267857143
02a4774868d677ef8ecff2168c0161c0,Pulmonary fibrosis,Fibrosis,False,False,0.2572004795074463,0.07049186862244898
a45407e8b1daab75a1217b65de60c29d,Cardiomegaly,Cardiomegaly,False,False,0.43743592500686646,0.06189712213010204
38ab2d3283b496d60dc137e94d16b7c6,Pleural effusion,Effusion,False,False,0.03648616373538971,0.005545479910714286
38ab2d3283b496d60dc137e94d16b7c6,Pleural thickening,Pleural_Thickening,True,False,0.008582986891269684,0.01080695950255102
485c87f489b33281e4a49e4ac0ceded3,Infiltration,Infiltration,True,True,0.574504017829895,0.17853156887755103
8fd4e7599250d006e579f1ffcb28b1b1,Cardiomegaly,Cardiomegaly,False,False,0.5238746404647827,0.04563934948979592
8fd4e7599250d006e579f1ffcb28b1b1,Pleural effusion,Effusion,True,True,0.1151970699429512,0.003951092155612245
8fd4e7599250d006e579f1ffcb28b1b1,Pleural thickening,Pleural_Thickening,True,False,0.046827323734760284,0.003951092155612245
8fd4e7599250d006e579f1ffcb28b1b1,Nodule/Mass,Mass,False,False,0.0010291937505826354,0.009496572066326531
ab39f5256d8cd84c1704757c4ae2b49c,Pleural thickening,Pleural_Thickening,True,False,0.008783860132098198,0.01158920599489796
693008c77b426c4afc45e990f5f07287,Infiltration,Infiltration,True,True,0.8403911590576172,0.05292869100765306
9306d40fe3b77bd159c6ab92c0a306c8,Pulmonary fibrosis,Fibrosis,True,False,0.09623529016971588,0.06744758450255102
cd33be932bca447f6bf5b83b03018806,Pleural thickening,Pleural_Thickening,True,False,0.029444199055433273,0.03487224968112245
cd33be932bca447f6bf5b83b03018806,Pulmonary fibrosis,Fibrosis,True,False,0.307781845331192,0.07100007971938775
a8dd1496dde8d6f63316c8ec2a823b38,Nodule/Mass,Mass,True,False,0.16665565967559814,0.021389708227040817
44e4be82a8acb16906b5398bc464b472,Cardiomegaly,Cardiomegaly,False,True,0.6263183355331421,0.06744260204081633
d15e6278a65dfc72e8a437c5836ba4a6,Cardiomegaly,Cardiomegaly,True,True,0.6227269768714905,0.047288544323979595
e6df9b3fba3fb8745fe06fe9fb84ecfe,Infiltration,Infiltration,True,True,0.7499298453330994,0.12122827646683673
e6df9b3fba3fb8745fe06fe9fb84ecfe,Pulmonary fibrosis,Fibrosis,True,True,0.5486566424369812,0.12206533003826531
0391d2388a2442f14d055d5089a747c6,Cardiomegaly,Cardiomegaly,True,True,0.7968395948410034,0.05783641581632653
d20563eda118661e39a855fa825539fe,Cardiomegaly,Cardiomegaly,False,True,0.763915479183197,0.07020288584183673
44999de3c6dd3312011578cdbfc7116e,Pleural effusion,Effusion,False,False,0.002946494845673442,0.004912707270408163
44999de3c6dd3312011578cdbfc7116e,Pleural thickening,Pleural_Thickening,True,False,0.04555494338274002,0.03407505580357143
8b37c2ebf7f6d5b446110e75a5cf6ad1,Cardiomegaly,Cardiomegaly,True,True,0.9769431948661804,0.0953842474489796
7c3c78ed6e4353a39ddc2cbd6230dd54,Cardiomegaly,Cardiomegaly,True,True,0.5655965209007263,0.06088069993622449
1ba0b6688726a0efd3641d086a4dee35,Pulmonary fibrosis,Fibrosis,True,False,0.15788313746452332,0.06207649075255102
d055c6563b7d1059b2488cd239aa328e,Atelectasis,Atelectasis,False,False,0.10271918028593063,0.018744021045918366
d055c6563b7d1059b2488cd239aa328e,Pleural thickening,Pleural_Thickening,True,False,0.06254012882709503,0.018744021045918366
d055c6563b7d1059b2488cd239aa328e,Pulmonary fibrosis,Fibrosis,True,False,0.32093966007232666,0.02269013073979592
f3dc45b4e1efdaf51bc35ab371110877,Pleural thickening,Pleural_Thickening,True,False,0.03468119353055954,0.03329280931122449
f3dc45b4e1efdaf51bc35ab371110877,Pulmonary fibrosis,Fibrosis,True,False,0.2938646674156189,0.044314014668367346
c723c6ffb2f746dff02c9538c6c593f4,Infiltration,Infiltration,False,True,0.766249418258667,0.20915876116071427
bf123de5827d72ba0d0e71683bbe819d,Pneumothorax,Pneumothorax,False,True,0.8956938982009888,0.2573989556760204
bf123de5827d72ba0d0e71683bbe819d,Pulmonary fibrosis,Fibrosis,True,False,0.48714935779571533,0.05848413584183673
fb159c22e0b94e4f00fab42d40efb584,Pleural thickening,Pleural_Thickening,False,False,0.0,0.00454898756377551
e3c5ff1eb0d55039f3bbc3c4875543c3,Pleural effusion,Effusion,False,False,0.44179362058639526,0.04303850446428571
e3c5ff1eb0d55039f3bbc3c4875543c3,Pneumothorax,Pneumothorax,True,True,0.8657625317573547,0.18958266900510204
70eb6d92bf0c7e35e0d55e17d00629fa,Pulmonary fibrosis,Fibrosis,False,False,0.0,0.036097935267857144
54220e92c21a62705bf7a124f88f952b,Cardiomegaly,Cardiomegaly,True,True,0.9136487245559692,0.06337691326530612
a1c5f6de8dea1889fbe3542682a5a4c4,Cardiomegaly,Cardiomegaly,True,True,0.8998104333877563,0.06910674426020408
9ff3dfd4bd748b3a368d9d97e3637339,Cardiomegaly,Cardiomegaly,True,True,0.6031961441040039,0.05983936543367347
e38bb22eeeb25ec645b19e81883b5759,Cardiomegaly,Cardiomegaly,True,True,0.7915816307067871,0.05722357302295918
a5dd0a76a5253cbd34b9365c78e44110,Pleural effusion,Effusion,False,False,0.013306223787367344,0.06850386639030612
2bec7ab41bfb8b797483fb5af80ace2e,Cardiomegaly,Cardiomegaly,True,True,0.9301910996437073,0.1255480707908163
ec7572df0f93d21860c5dc1147d1393b,Cardiomegaly,Cardiomegaly,False,True,0.707318902015686,0.055474728954081634
17a43dc27cccda142f5d54d378f4aed7,Cardiomegaly,Cardiomegaly,True,True,0.9981769323348999,0.11909080038265306
3cac0eba7aff674db58e5e7d5cebe985,Cardiomegaly,Cardiomegaly,False,True,0.9400787353515625,0.06810028698979592
3cac0eba7aff674db58e5e7d5cebe985,Pneumothorax,Pneumothorax,True,False,0.3976796865463257,0.2549426020408163
77411e67a520f43d7e819b9c21a33e2c,Cardiomegaly,Cardiomegaly,True,True,0.5884743332862854,0.055006377551020405
b60cac600ed504d8cfe8a669d3e3448f,Cardiomegaly,Cardiomegaly,True,True,0.6027995347976685,0.07082071109693877
98553a08561599e00ebcbc603e206557,Pulmonary fibrosis,Fibrosis,False,False,0.02593987062573433,0.00448421556122449
6ada6149fec45a9046dbfe15e3459ec8,Pleural effusion,Effusion,False,False,0.03848602995276451,0.021016023596938774
6ada6149fec45a9046dbfe15e3459ec8,Pneumothorax,Pneumothorax,True,False,0.0022110817953944206,0.02082669005102041
6ada6149fec45a9046dbfe15e3459ec8,Pulmonary fibrosis,Fibrosis,False,False,0.07841572910547256,0.019037986288265307
c7ce99e81ceea73f99d919b38d8df460,Pulmonary fibrosis,Fibrosis,True,False,0.14818942546844482,0.026566485969387755
97bd8561208807d003ff804d69348974,Pleural effusion,Effusion,True,False,0.12841501832008362,0.07151825573979592
85d4fa5daa1c437d7c8fc07db29b98e6,Cardiomegaly,Cardiomegaly,True,True,0.6826063990592957,0.10648517219387756
230ffa646a0bec6bce8b027cd4c66832,Consolidation,Consolidation,False,False,0.12755340337753296,0.02702487244897959
a786432eef4d2c8117ae53da8648cbce,Cardiomegaly,Cardiomegaly,True,True,0.7695913314819336,0.07898198341836735
63cf713d392ce347a329b20e8bd4782b,Pleural thickening,Pleural_Thickening,False,False,0.0033893899526447058,0.009685905612244899
63cf713d392ce347a329b20e8bd4782b,Pulmonary fibrosis,Fibrosis,False,False,0.08450792729854584,0.02145946269132653
52637c1cd09bb2655f4c08aaa698a270,Pleural effusion,Effusion,False,False,0.0,0.013083944515306123
52637c1cd09bb2655f4c08aaa698a270,Pleural thickening,Pleural_Thickening,True,False,0.001979451859369874,0.02333785076530612
20d9e4989fab7ecae4243324d81ad309,Nodule/Mass,Nodule,False,False,0.0,0.002516143176020408
339bd65420300e35fa74ef9a042cb778,Pleural thickening,Pleural_Thickening,True,False,0.0,0.013901068239795918
339bd65420300e35fa74ef9a042cb778,Pulmonary fibrosis,Fibrosis,True,False,0.0,0.06295340401785714
f347a8de5e60079db066c440949b8395,Nodule/Mass,Nodule,True,False,0.006897477898746729,0.0021823182397959183
f09ec49805bd445b71404666a53d4a8e,Cardiomegaly,Cardiomegaly,True,True,0.6837450861930847,0.05482202646683673
87222168e0c854adc8d38ecf9715361f,Cardiomegaly,Cardiomegaly,True,True,0.8767857551574707,0.06505102040816327
8cfb544c8ae38f85d48916e5db86c601,Cardiomegaly,Cardiomegaly,False,True,0.8302725553512573,0.05042251275510204
40b51daeb48afacaaa3efca42bcaaf9c,Cardiomegaly,Cardiomegaly,False,True,0.6591535806655884,0.05813536352040816
b0c31d017d7fb817457a7d9a49b03d6c,Infiltration,Infiltration,True,True,0.639537513256073,0.038873166454081634
bc87c2265556912b25d36f2fef105a01,Nodule/Mass,Mass,True,False,0.41066086292266846,0.05580357142857143
a4b41309551add1836dd1f0e96e7c594,Nodule/Mass,Mass,True,False,0.1655699759721756,0.018639389349489797
c02bd11de5cf471fa502f5bebe133904,Pleural effusion,Effusion,False,False,0.0,0.0016442123724489796
c02bd11de5cf471fa502f5bebe133904,Pleural thickening,Pleural_Thickening,False,False,0.0,0.0016442123724489796
971e2965c2e5149f64be489d589dc3d0,Cardiomegaly,Cardiomegaly,True,True,0.8377233147621155,0.06905691964285714
efc7bc78ce88e95191fdab525f974c24,Pulmonary fibrosis,Fibrosis,True,True,0.7729299664497375,0.03014389349489796
e26ef831acab997d0ebbd38bd2773ae0,Cardiomegaly,Cardiomegaly,True,False,0.6290404200553894,0.06600765306122448
965d2c73cfa52a84d2f432118434037e,Pleural effusion,Effusion,True,False,0.004823928698897362,0.01085678411989796
965d2c73cfa52a84d2f432118434037e,Pleural thickening,Pleural_Thickening,False,False,0.017366405576467514,0.01085678411989796
965d2c73cfa52a84d2f432118434037e,Pulmonary fibrosis,Fibrosis,False,False,0.0,0.0028649154974489796
c74b97e75097396e9f159c80d5a4a268,Cardiomegaly,Cardiomegaly,True,True,0.8914231657981873,0.05394013073979592
8649d84b0796e9deccdd4f6bd8d4e998,Infiltration,Infiltration,True,False,0.581246554851532,0.23709044164540816
8649d84b0796e9deccdd4f6bd8d4e998,Pleural effusion,Effusion,True,True,0.7880852222442627,0.11274314413265306
8649d84b0796e9deccdd4f6bd8d4e998,Pleural thickening,Pleural_Thickening,True,False,0.22372181713581085,0.15451610331632654
8649d84b0796e9deccdd4f6bd8d4e998,Pulmonary fibrosis,Fibrosis,True,False,0.020085742697119713,0.013592155612244899
d70e8f6924ff1e80d6b008965df94e08,Infiltration,Infiltration,False,False,0.17819757759571075,0.04325275031887755
d70e8f6924ff1e80d6b008965df94e08,Pleural thickening,Pleural_Thickening,True,False,0.019322240725159645,0.01031867825255102
e6a9b0eb532d8aab0ce29b787d81614b,Pleural effusion,Effusion,True,False,0.5369465947151184,0.05589325573979592
b53d1dd80e99ca6bcef9d592f65d3321,Pleural effusion,Effusion,True,True,0.5322436690330505,0.043357382015306124
b53d1dd80e99ca6bcef9d592f65d3321,Pulmonary fibrosis,Fibrosis,False,True,0.3404560089111328,0.016272720025510203
4fd945bbe2d065ec9f58c2e86de2e1f9,Cardiomegaly,Cardiomegaly,True,True,0.9386453628540039,0.10306222098214286
a673c55470f775d286249e189896c376,Pleural effusion,Effusion,True,False,0.34471890330314636,0.04796615911989796
a673c55470f775d286249e189896c376,Pneumothorax,Pneumothorax,True,False,0.0,0.11942960778061225
51a8d7259a0a6deac20b7c4979a7e847,Cardiomegaly,Cardiomegaly,True,True,0.999990701675415,0.20172991071428573
d312cdd620b130479bfea6128e47b2c4,Consolidation,Consolidation,False,True,0.4269022047519684,0.030657087053571428
d312cdd620b130479bfea6128e47b2c4,Infiltration,Infiltration,False,False,0.2119903862476349,0.11151247608418367
d312cdd620b130479bfea6128e47b2c4,Nodule/Mass,Mass,True,True,0.5007510185241699,0.030657087053571428
367465e5c96651ee8dac93a11fe7c0c0,Cardiomegaly,Cardiomegaly,False,True,0.9874193668365479,0.08499083227040816
c5010a72f3e20e9b59d7bb991d3c633b,Pleural thickening,Pleural_Thickening,True,False,0.14900578558444977,0.020617426658163265
822c4cfa6ccc027318abacda96617282,Cardiomegaly,Cardiomegaly,True,True,0.7614496350288391,0.06683972417091837
ebe4ab991ab3c0551a697e34f5e83b36,Pleural thickening,Pleural_Thickening,True,False,0.0,0.009665975765306123
2aae4700188dd1842bb1851d714d7f38,Cardiomegaly,Cardiomegaly,True,True,0.7268526554107666,0.0838149713010204
d99ee7158fccfc6add49cd6b8389fb55,Pleural effusion,Effusion,False,False,0.08828964084386826,0.010517976721938776
d99ee7158fccfc6add49cd6b8389fb55,Pleural thickening,Pleural_Thickening,True,False,0.0672139823436737,0.010517976721938776
f591f6e017545ab779d1e88735340128,Cardiomegaly,Cardiomegaly,True,True,0.977965772151947,0.08515027104591837
f591f6e017545ab779d1e88735340128,Pleural effusion,Effusion,True,False,0.017184216529130936,0.03240593112244898
f591f6e017545ab779d1e88735340128,Pleural thickening,Pleural_Thickening,True,True,0.4563644230365753,0.052988480548469385
f591f6e017545ab779d1e88735340128,Pulmonary fibrosis,Fibrosis,True,False,0.03733005002140999,0.030701929209183673
a824f7f43552c3af8d846dd1cc0f0c11,Atelectasis,Atelectasis,False,False,0.10859561711549759,0.034767617984693876
a824f7f43552c3af8d846dd1cc0f0c11,Cardiomegaly,Cardiomegaly,False,True,0.8895472288131714,0.06596779336734694
97bf1159c3d5a11144527bd31d2ee628,Cardiomegaly,Cardiomegaly,False,True,0.8866531848907471,0.06424884406887756
3fd9727ab2ea76dac5770130661a738d,Pleural thickening,Pleural_Thickening,False,False,0.0,0.017159598214285716
e68532fbad2aa9d9fee2900c341c8c6b,Pulmonary fibrosis,Fibrosis,True,True,0.3257075548171997,0.09776088169642858
6b6f79dad019a4dee92fa35456f75a48,Pleural effusion,Effusion,True,True,0.25108829140663147,0.017040019132653062
6b6f79dad019a4dee92fa35456f75a48,Pleural thickening,Pleural_Thickening,False,True,0.5238050222396851,0.022799744897959183
d16b67fee07971da41a3d08707ccd864,Cardiomegaly,Cardiomegaly,False,True,0.9581424593925476,0.08887715242346939
b5a3de338d33d96e3bfa129f7a4172ca,Cardiomegaly,Cardiomegaly,True,True,0.8662325143814087,0.0780452806122449
d791f10dbcb0ab7c0c34dafd2fdf8b08,Pleural thickening,Pleural_Thickening,True,False,0.3577081263065338,0.06048210299744898
d791f10dbcb0ab7c0c34dafd2fdf8b08,Pulmonary fibrosis,Fibrosis,True,True,0.4568004608154297,0.06265445631377552
22d12a2c3610060793453d39c4330429,Pulmonary fibrosis,Fibrosis,False,False,2.311433490831405e-06,0.012446189413265306
b493be668f28b801ecaa2278069825eb,Pleural effusion,Effusion,True,True,0.9368403553962708,0.12014209980867346
b493be668f28b801ecaa2278069825eb,Pleural thickening,Pleural_Thickening,True,False,0.05481870844960213,0.011823381696428572
bad57ce327ed96a0ae3e01c930f297cc,Pleural thickening,Pleural_Thickening,True,False,0.11695970594882965,0.019137635522959183
bad57ce327ed96a0ae3e01c930f297cc,Pulmonary fibrosis,Fibrosis,True,False,0.4451419413089752,0.042425661670918366
9ef084b09e407e4f8f00932602d1a88d,Pleural effusion,Effusion,True,False,0.6919171214103699,0.1836834343112245
50f315c754b3530ac3c9bac3e96b22ac,Cardiomegaly,Cardiomegaly,True,True,0.8398386836051941,0.08092514349489796
50f315c754b3530ac3c9bac3e96b22ac,Pleural thickening,Pleural_Thickening,False,False,0.0,0.00765804368622449
f0c719e77a94983d22ad4a1e96e37f34,Cardiomegaly,Cardiomegaly,False,True,0.5038973689079285,0.09594228316326531
9d41ae882fa21638f67228ff85cb05ab,Pleural thickening,Pleural_Thickening,True,False,0.08141907304525375,0.032958984375
9d41ae882fa21638f67228ff85cb05ab,Pulmonary fibrosis,Fibrosis,True,True,0.3362439274787903,0.11635044642857142
9d41ae882fa21638f67228ff85cb05ab,Nodule/Mass,Mass,True,False,0.20404963195323944,0.07874780771683673
2469a8efd790f12eb9304f5c013a966e,Cardiomegaly,Cardiomegaly,True,True,0.37274229526519775,0.03902264030612245
d2bc15eab8150cfcbcd9364c20c7297d,Pleural thickening,Pleural_Thickening,True,False,0.17705853283405304,0.04079639668367347
17381ffc2b43778487e782dbb5cb963a,Pleural effusion,Effusion,True,False,0.5266985297203064,0.1990543287627551
49d5b90070caab91081e5e3b26b1a0f5,Pleural effusion,Effusion,True,True,0.7892186641693115,0.04640664859693878
49d5b90070caab91081e5e3b26b1a0f5,Pleural thickening,Pleural_Thickening,True,False,0.0,0.004185267857142857
22c9f6b6888cce9bad89c72a2f87e56f,Cardiomegaly,Cardiomegaly,True,True,0.9597745537757874,0.08822943239795919
72bce8eed8324b1544f1698f56a2b0ba,Nodule/Mass,Nodule,False,False,0.005821638740599155,0.029301857461734693
d8d73dcf93b13ff0bd2f11639abd0003,Infiltration,Infiltration,True,False,0.21101970970630646,0.05765704719387755
d8d73dcf93b13ff0bd2f11639abd0003,Pleural thickening,Pleural_Thickening,True,True,0.35917454957962036,0.04063695790816327
d8d73dcf93b13ff0bd2f11639abd0003,Pulmonary fibrosis,Fibrosis,True,True,0.3726571202278137,0.09479631696428571
3024b7dc8e38999c16ab20ed51c7aa2e,Pulmonary fibrosis,Fibrosis,True,False,0.05671471357345581,0.05337711256377551
3024b7dc8e38999c16ab20ed51c7aa2e,Nodule/Mass,Nodule,True,False,0.0,0.0005829480229591837
1e584da1fcf0c0297a22f0e36ce86732,Nodule/Mass,Nodule,True,False,0.0205311868339777,0.00146484375
163898fbc57f00f58ad27e72031a541f,Pulmonary fibrosis,Fibrosis,True,False,0.02107597328722477,0.01322345344387755
eefb68d818bf732e1cda9be83b641a19,Infiltration,Infiltration,True,True,0.47793200612068176,0.04478734853316327
3368f56c5e66bc4f6111b5cf5d701f30,Cardiomegaly,Cardiomegaly,True,True,0.7107184529304504,0.07463727678571429
62727c1647992609be0ff403bc2362ac,Cardiomegaly,Cardiomegaly,True,False,0.5730553269386292,0.10176179846938775
be01f8ea4bf3a231d39378be5a167bc4,Cardiomegaly,Cardiomegaly,True,True,0.9756282567977905,0.12147739955357142
986cbf62313a140fc59925d613ed4332,Cardiomegaly,Cardiomegaly,True,True,0.712017834186554,0.06561902104591837
57415c4992802274b5a54930019c30f1,Cardiomegaly,Cardiomegaly,True,True,0.6425912976264954,0.05692960778061224
e2321f70d075c658946e167356ef516c,Cardiomegaly,Cardiomegaly,True,True,0.939372718334198,0.08141342474489796
a722712967b38150cee4f85dad4230ed,Pulmonary fibrosis,Fibrosis,True,True,0.1609477549791336,0.032834422831632654
aa91a19616d9ea16284536f902a58b92,Infiltration,Infiltration,False,False,0.362225204706192,0.02369160554846939
5170326726acc5b2f50c4426417f3b23,Pulmonary fibrosis,Fibrosis,False,False,0.05482977628707886,0.03942123724489796
93a37385c5f53a0c3a1357f996f22555,Cardiomegaly,Cardiomegaly,True,True,0.8457598686218262,0.08429328762755102
c4e6dda386e88a2c9164f19024359f45,Cardiomegaly,Cardiomegaly,True,False,0.24775950610637665,0.050970583545918366
e65784ed3ae371e991d3362ab0eb8a35,Cardiomegaly,Cardiomegaly,True,True,0.9036254286766052,0.09986846301020408
6067e2a8536a187d543ebd4fab4af731,Cardiomegaly,Cardiomegaly,True,True,0.8964332938194275,0.05763213488520408
1cb2f31d6914dbb6550d2ed5538fc184,Nodule/Mass,Mass,True,True,0.989120602607727,0.09510522959183673
91e721ea0143333c5efe5dfb8ca98746,Pleural effusion,Effusion,False,False,0.10846439003944397,0.0038564253826530613
91e721ea0143333c5efe5dfb8ca98746,Pleural thickening,Pleural_Thickening,True,False,0.04249776527285576,0.0038564253826530613
83d663ac0f523bd9dd0b6234704767fd,Cardiomegaly,Cardiomegaly,False,True,0.7124573588371277,0.04128966039540816
83d663ac0f523bd9dd0b6234704767fd,Pulmonary fibrosis,Fibrosis,True,False,0.0,0.01264548788265306
64b17a1d9119aa0a4df55d164eae856b,Consolidation,Consolidation,True,False,0.40612736344337463,0.08327686543367346
64b17a1d9119aa0a4df55d164eae856b,Pleural effusion,Effusion,True,True,0.7593111991882324,0.23183394451530612
9b1034893f70d565ab25e7c3aedb3ff7,Cardiomegaly,Cardiomegaly,True,True,0.939978301525116,0.07972437021683673
21d0e0bb639ebec0b2a2ce0c5c805344,Pleural thickening,Pleural_Thickening,True,False,0.015598993748426437,0.01504703443877551
21d0e0bb639ebec0b2a2ce0c5c805344,Pulmonary fibrosis,Fibrosis,True,False,0.2013043314218521,0.05540497448979592
2a335bf71ad32a097557e379b6113ce9,Cardiomegaly,Cardiomegaly,False,True,0.574974536895752,0.05426399075255102
2201904fdc9c81df726cb626bf58edeb,Infiltration,Infiltration,False,False,0.08957046270370483,0.029072664221938774
b7e9e8a42a7581a9f40b67f4ed3bab72,Cardiomegaly,Cardiomegaly,False,True,0.8780595660209656,0.08182198660714286
b7e9e8a42a7581a9f40b67f4ed3bab72,Nodule/Mass,Mass,True,True,0.3583829700946808,0.04363639987244898
2c535167a6a1466c54bc62eb6100f577,Cardiomegaly,Cardiomegaly,True,True,0.9407986402511597,0.07634626116071429
9ef2c06481a9e65d71e6743d04217462,Consolidation,Consolidation,True,True,0.9944056272506714,0.1861945950255102
9ef2c06481a9e65d71e6743d04217462,Pleural effusion,Effusion,True,True,0.829023540019989,0.1861945950255102
5895fa847d7ce6fbc0c1ad1ca998b613,Pleural effusion,Effusion,True,True,0.359791100025177,0.02185805963010204
9943805f08872ab64d994fc84ff1b25d,Consolidation,Consolidation,True,False,0.3823872208595276,0.033457230548469385
9943805f08872ab64d994fc84ff1b25d,Infiltration,Infiltration,True,True,0.8562306761741638,0.11464644451530612
9943805f08872ab64d994fc84ff1b25d,Pleural thickening,Pleural_Thickening,True,False,0.0,0.01774752869897959
9943805f08872ab64d994fc84ff1b25d,Pulmonary fibrosis,Fibrosis,False,False,0.11765139549970627,0.11464644451530612
9943805f08872ab64d994fc84ff1b25d,Nodule/Mass,Mass,True,False,0.03412923961877823,0.003343231823979592
9378e938afe891b372d0d7a1924c7aa5,Nodule/Mass,Nodule,False,False,0.2330043613910675,0.026003467793367346
865a0a1a1781b55fa40887566aa9cd67,Infiltration,Infiltration,False,False,0.06618806719779968,0.09266880580357142
865a0a1a1781b55fa40887566aa9cd67,Pleural effusion,Effusion,True,True,0.28214365243911743,0.04929647640306122
865a0a1a1781b55fa40887566aa9cd67,Pleural thickening,Pleural_Thickening,True,False,0.12388576567173004,0.05204679528061224
865a0a1a1781b55fa40887566aa9cd67,Pulmonary fibrosis,Fibrosis,True,False,0.16162724792957306,0.16257772640306123
24e9b243d734e26d9de71aa3e08ef9b0,Pleural effusion,Effusion,True,True,0.4683596193790436,0.22351323341836735
11d5cd186965cfe8e615157e492e34bb,Pulmonary fibrosis,Fibrosis,False,False,0.0,0.015066964285714286
bd392937baf9a09b697937d8bb607989,Cardiomegaly,Cardiomegaly,False,False,0.441524863243103,0.07151825573979592
935a7deda5e549ec48293dea791b7c5a,Cardiomegaly,Cardiomegaly,True,True,0.5854607224464417,0.0506218112244898
ee253aab2bfa090c01a596a449159233,Cardiomegaly,Cardiomegaly,True,True,0.5230812430381775,0.05906708386479592
ee253aab2bfa090c01a596a449159233,Pleural thickening,Pleural_Thickening,False,False,0.0399555042386055,0.009765625
ee253aab2bfa090c01a596a449159233,Pulmonary fibrosis,Fibrosis,False,False,0.0,0.00350765306122449
04031e57794b9e8861e3c65e935f11d2,Nodule/Mass,Mass,True,True,0.7119904160499573,0.03049266581632653
e645d9985d6afaacf2722b9c82b2c9c5,Pulmonary fibrosis,Fibrosis,True,False,0.003772549331188202,0.011619100765306123
8e5f9d775ab631aca970ca98d32946dc,Pleural thickening,Pleural_Thickening,False,True,0.367123007774353,0.04458805006377551
e23431ed927b6459935d0d5457ca8604,Cardiomegaly,Cardiomegaly,True,True,0.8426503539085388,0.11372967155612244
7a5ed0a74ecc27101ba9cb64066cf452,Cardiomegaly,Cardiomegaly,False,True,0.7398958206176758,0.07892219387755102
7a5ed0a74ecc27101ba9cb64066cf452,Pleural thickening,Pleural_Thickening,True,False,0.0,0.008126395089285714
e5a6825407439b31e234e69989ccd542,Pleural thickening,Pleural_Thickening,True,True,0.08056829124689102,0.008086535395408163
d43c6680c56521ab6aafd6babf8bd7c6,Nodule/Mass,Mass,True,False,0.2763288617134094,0.01702507174744898
21cc15968368582b548bdc50f24d1ce5,Pleural effusion,Effusion,True,True,0.9815635085105896,0.17336475605867346
3759c5c3b6dd31e4f79dad538500928c,Pleural effusion,Effusion,True,True,0.6041755676269531,0.07837412308673469
2df96190b0062c04b4dad588079c4caf,Cardiomegaly,Cardiomegaly,True,True,0.8714540004730225,0.05856883769132653
2df96190b0062c04b4dad588079c4caf,Pleural effusion,Effusion,False,False,0.012322291731834412,0.007040218431122449
2df96190b0062c04b4dad588079c4caf,Pleural thickening,Pleural_Thickening,True,False,0.0007225965964607894,0.026172871492346938
51cc7892a363b3d3479c7b801f7ca53e,Cardiomegaly,Cardiomegaly,True,True,0.6753076910972595,0.057228555484693876
659e8fa4b3d038c98fbfc0ab4cfcd411,Pleural thickening,Pleural_Thickening,True,False,0.17893192172050476,0.05596799266581633
659e8fa4b3d038c98fbfc0ab4cfcd411,Pulmonary fibrosis,Fibrosis,True,True,0.7479390501976013,0.13318120216836735
85cfc59f138f490784170dbaeb0112a7,Infiltration,Infiltration,False,False,0.1257779747247696,0.07455257493622448
85cfc59f138f490784170dbaeb0112a7,Pleural thickening,Pleural_Thickening,True,True,0.5553890466690063,0.07151825573979592
85cfc59f138f490784170dbaeb0112a7,Pulmonary fibrosis,Fibrosis,True,True,0.7949537038803101,0.09831891741071429
85cfc59f138f490784170dbaeb0112a7,Nodule/Mass,Nodule,True,False,0.19017672538757324,0.06211635044642857
65dfd8ef3a4201185c6fd6e9135cb20d,Pleural effusion,Effusion,True,True,0.9816057682037354,0.10291274713010204
23b0639cd035140def992b0ee7fc34f2,Cardiomegaly,Cardiomegaly,True,True,0.7522192001342773,0.08401426977040816
0b62bc6644be72ce4dfa5ea77a77f311,Cardiomegaly,Cardiomegaly,True,True,0.8342718482017517,0.05874322385204082
0b62bc6644be72ce4dfa5ea77a77f311,Pleural thickening,Pleural_Thickening,True,False,0.0,0.010901626275510204
472b196c9371aa9d6e9d23ccf82936c2,Pleural thickening,Pleural_Thickening,True,False,0.001460681320168078,0.0035026705994897957
970dcfd176e4fdaaf9bcb511a82e3b70,Cardiomegaly,Cardiomegaly,True,True,0.9233595132827759,0.060267857142857144
970dcfd176e4fdaaf9bcb511a82e3b70,Pulmonary fibrosis,Fibrosis,True,True,0.13619524240493774,0.011763592155612245
3e02670c9c691dbbd7f9aaa851bb70ae,Cardiomegaly,Cardiomegaly,True,True,0.9769325256347656,0.0791812818877551
0777120fdd60f6a3cf8eaf3b8cf3585a,Cardiomegaly,Cardiomegaly,True,True,0.6059648394584656,0.0801528619260204
e19c99b75b9523210bfaf40406df82f3,Cardiomegaly,Cardiomegaly,False,False,0.3335258364677429,0.048170440051020405
7ecd6f67f649f26c05805c8359f9e528,Pulmonary fibrosis,Fibrosis,False,False,0.0028438312001526356,0.02187300701530612
87a516c6446958f3f56cf3e4ab8a0c5f,Pleural thickening,Pleural_Thickening,True,False,0.003205639775842428,0.010154257015306123
87a516c6446958f3f56cf3e4ab8a0c5f,Nodule/Mass,Mass,True,False,0.13211996853351593,0.007369060905612245
76a8a1a491e23dc44e0c33654f10c632,Pleural thickening,Pleural_Thickening,False,False,0.0,0.009601203762755101
e2aac840e7e6f54e6fe0003c60c51c57,Consolidation,Consolidation,False,False,0.0,0.07763671875
3c4863368b0bf5c811a52e24fa2cd2d8,Cardiomegaly,Cardiomegaly,True,True,0.9536539912223816,0.07286850286989796
3c4863368b0bf5c811a52e24fa2cd2d8,Pleural thickening,Pleural_Thickening,True,False,0.2216484695672989,0.020243742028061226
9ce4169ac820450d4a18f4d9d33d40f1,Pleural thickening,Pleural_Thickening,True,False,0.030632564797997475,0.0076779735331632655
ede3e4041468a91f1a8027aeaa10e540,Pulmonary fibrosis,Fibrosis,True,True,0.3257104456424713,0.10742685746173469
2b24fc9d451749e2edfc5ff60be60192,Cardiomegaly,Cardiomegaly,True,True,0.8151382803916931,0.08725286989795919
37d00f2fdb0521a0f3fd6c7ec458ff61,Pulmonary fibrosis,Fibrosis,True,False,0.0,0.0042600047831632655
9291d31a52303b92e8df393034a0a367,Pulmonary fibrosis,Fibrosis,True,True,0.4741891622543335,0.054478236607142856
28d769becacfbdeebab6d3fda7322cf7,Infiltration,Infiltration,True,True,0.6932505965232849,0.22073301977040816
28d769becacfbdeebab6d3fda7322cf7,Pleural effusion,Effusion,True,False,0.21029122173786163,0.06654575892857142
2c8015354af1a7509937c82f2979ba49,Pulmonary fibrosis,Fibrosis,False,False,0.0,0.017040019132653062
89857d1b7b733e1dfdea1f3298fb3a07,Cardiomegaly,Cardiomegaly,False,False,0.618920087814331,0.0712093431122449
8e8f6687544bfcd254e60e5e28b260d6,Cardiomegaly,Cardiomegaly,True,True,0.7796039581298828,0.07995854591836735
8e8f6687544bfcd254e60e5e28b260d6,Pleural thickening,Pleural_Thickening,False,False,0.003170524723827839,0.012182118941326531
8e8f6687544bfcd254e60e5e28b260d6,Nodule/Mass,Nodule,True,False,0.0,0.0009765625
997fca43b97287e53c551c3d4753edcb,Nodule/Mass,Nodule,True,False,0.07992468774318695,0.0017787388392857143
6eeead238ec804ca607534249350bcf8,Cardiomegaly,Cardiomegaly,False,True,0.9542948007583618,0.09447743941326531
6eeead238ec804ca607534249350bcf8,Pleural effusion,Effusion,True,False,0.07516559213399887,0.021848094706632654
6eeead238ec804ca607534249350bcf8,Pulmonary fibrosis,Fibrosis,False,False,0.0,0.00390625
82240a46a3961830c1f340424fa7ce65,Pleural thickening,Pleural_Thickening,True,False,0.034987639635801315,0.025933713329081634
cc5ca13d504354fc7c1e75bf2ca9857b,Cardiomegaly,Cardiomegaly,False,True,0.7190895676612854,0.07925103635204081
7d0e636b3ef2ccbb0c67b3243a1478ce,Cardiomegaly,Cardiomegaly,False,True,0.9968541860580444,0.08630121970663265
7d0e636b3ef2ccbb0c67b3243a1478ce,Consolidation,Consolidation,False,True,0.4904761016368866,0.06708386479591837
7d0e636b3ef2ccbb0c67b3243a1478ce,Pleural effusion,Effusion,True,False,0.36526215076446533,0.04785654496173469
7d0e636b3ef2ccbb0c67b3243a1478ce,Pleural thickening,Pleural_Thickening,True,False,0.0033325855620205402,0.016118263711734693
7d0e636b3ef2ccbb0c67b3243a1478ce,Pulmonary fibrosis,Fibrosis,True,False,0.08771683275699615,0.0294612962372449
7d0e636b3ef2ccbb0c67b3243a1478ce,Nodule/Mass,Mass,True,False,0.0,0.009885204081632654
d9d272d8282ba9ce1ce1065f45cd0456,Infiltration,Infiltration,False,False,0.1840805858373642,0.05164819834183673
d9d272d8282ba9ce1ce1065f45cd0456,Pulmonary fibrosis,Fibrosis,True,False,0.28257474303245544,0.047996053890306124
84a27b87601b81cd39889ced2d489f70,Pleural thickening,Pleural_Thickening,True,False,0.030190428718924522,0.025475326849489797
d4b3527d37d04d52eef04650b7c45c1d,Pleural effusion,Effusion,True,True,0.6797626614570618,0.23183394451530612
da80aff78196208d9395ced4a9f0d485,Pulmonary fibrosis,Fibrosis,True,False,0.006144307553768158,0.0032435825892857145
c9178abde9d3400103cf7f925bc38782,Cardiomegaly,Cardiomegaly,True,True,0.8836106061935425,0.13178113042091838
a8db71e482a4dc2e83a1f5eecd9568cc,Pulmonary fibrosis,Fibrosis,True,False,0.07242891937494278,0.04345703125
3c5e999bcc6ac19f375f201c27546de1,Nodule/Mass,Mass,True,False,0.1447581946849823,0.023831114477040817
bd94013e719d3bf243bdf5771490bb0a,Cardiomegaly,Cardiomegaly,True,True,0.73151695728302,0.09857302295918367
fbda3ef47493765e3d705185bf5c9538,Pulmonary fibrosis,Fibrosis,False,False,0.2958291172981262,0.026038345025510203
f680a42a3444d3739c5552face67bf18,Cardiomegaly,Cardiomegaly,True,True,0.8816331028938293,0.053392059948979595
27128ae2af0e160293897cd55c02993b,Cardiomegaly,Cardiomegaly,True,True,0.7906085848808289,0.07514050542091837
1b2a7adb5705d9e3f5b63939046d93c7,Pleural effusion,Effusion,False,False,0.0006205731187947094,0.005500637755102041
1b2a7adb5705d9e3f5b63939046d93c7,Pleural thickening,Pleural_Thickening,True,False,0.03165177255868912,0.015146683673469387
1b2a7adb5705d9e3f5b63939046d93c7,Pulmonary fibrosis,Fibrosis,True,False,0.6466861367225647,0.2531688456632653
1b2a7adb5705d9e3f5b63939046d93c7,Nodule/Mass,Nodule,True,False,0.00015780091052874923,0.057074099170918366
e3b834778550579c140f46805b019e78,Nodule/Mass,Nodule,False,False,0.0,0.0010014748086734694
1254518b2893f58324e93f375cffbd6c,Infiltration,Infiltration,True,True,0.7682226896286011,0.06365094866071429
d70837c881f01f8c51afe9616879de50,Pleural thickening,Pleural_Thickening,True,True,0.3756643831729889,0.050616828762755105
d70837c881f01f8c51afe9616879de50,Pulmonary fibrosis,Fibrosis,True,False,0.0,0.022311463647959183
f4b8c5c84f200ee9e9faba45bb2b0baa,Cardiomegaly,Cardiomegaly,True,True,0.9973245859146118,0.12629045758928573
6c4b3875e507999d883e7bda6428fa30,Cardiomegaly,Cardiomegaly,True,True,0.7574226260185242,0.06253487723214286
79c5d4d7f3b2e7a5a183bfbe664c699d,Consolidation,Consolidation,True,True,0.6004506945610046,0.03739835778061224
79c5d4d7f3b2e7a5a183bfbe664c699d,Infiltration,Infiltration,True,False,0.08343964070081711,0.04933135363520408
803179ef55f8ecf356363cf194b4ff33,Cardiomegaly,Cardiomegaly,True,True,0.8364527225494385,0.06596281090561225
a398135fec0dd0d8239d5b6d8d24454b,Pleural thickening,Pleural_Thickening,True,False,0.0,0.005361128826530612
a2a8071358cf2858d45596364fd4ec85,Pleural thickening,Pleural_Thickening,True,False,0.2941049337387085,0.03346221301020408
2a3308874776a5824f84b6ec3fee10b1,Cardiomegaly,Cardiomegaly,True,True,0.736093282699585,0.07892717633928571
ddc2e81bc04195f7f72109ee5873a2fb,Cardiomegaly,Cardiomegaly,True,True,1.0,0.19037986288265307
62071e073320c21515baab6e5c55ddf8,Pleural thickening,Pleural_Thickening,False,False,0.0,0.011449697066326531
62071e073320c21515baab6e5c55ddf8,Pulmonary fibrosis,Fibrosis,False,False,0.0,0.0791762994260204
0d96a4bffbd85c60c4eec095f4c6d34b,Cardiomegaly,Cardiomegaly,True,True,0.7620684504508972,0.06617705676020408
18ee9ef3baea468de2087e0edd85e919,Cardiomegaly,Cardiomegaly,True,True,0.8607204556465149,0.0572136080994898
18ee9ef3baea468de2087e0edd85e919,Pulmonary fibrosis,Fibrosis,True,True,0.21257378160953522,0.010468152104591837
4b4502be77b11e64bf31e62dc098da41,Pleural effusion,Effusion,True,False,0.5588361024856567,0.09943498883928571
dd0d24793fa18a607a734a0d66d0d760,Pleural effusion,Effusion,True,False,0.6805040240287781,0.21888950892857142
54e6184c63c75a9695d7effc17969ad0,Atelectasis,Atelectasis,False,False,0.0,0.03247568558673469
54e6184c63c75a9695d7effc17969ad0,Cardiomegaly,Cardiomegaly,True,True,0.9534947276115417,0.09071568080357142
54e6184c63c75a9695d7effc17969ad0,Pleural thickening,Pleural_Thickening,True,False,0.052715618163347244,0.031110491071428572
54e6184c63c75a9695d7effc17969ad0,Pulmonary fibrosis,Fibrosis,True,False,0.0430578775703907,0.058449258609693876
01ee6e560f083255a630c41bba779405,Cardiomegaly,Cardiomegaly,False,True,0.7674360871315002,0.07851861447704081
01ee6e560f083255a630c41bba779405,Pulmonary fibrosis,Fibrosis,True,False,0.0,0.007114955357142857
01ee6e560f083255a630c41bba779405,Nodule/Mass,Nodule,False,False,7.61886303735082e-06,0.0013552295918367347
7a4bbf44262ba36208dbb20153f4569d,Infiltration,Infiltration,False,True,0.9692699909210205,0.14927953603316327
7a4bbf44262ba36208dbb20153f4569d,Pleural effusion,Effusion,True,False,0.3493574559688568,0.1997668207908163
f2c0995bf613672b13eb82ee09b1547b,Pleural thickening,Pleural_Thickening,True,False,0.048238977789878845,0.05393514827806122
f2c0995bf613672b13eb82ee09b1547b,Pulmonary fibrosis,Fibrosis,True,True,0.22059547901153564,0.05595304528061224
5879d22d9f6aec0ba5d682bcc6131e22,Pleural effusion,Effusion,True,True,0.3753659427165985,0.06877790178571429
5879d22d9f6aec0ba5d682bcc6131e22,Nodule/Mass,Nodule,True,True,0.952301025390625,0.33151805644132654
8098d1ce056318c03a3c70ccf3707945,Pleural effusion,Effusion,True,True,0.20827023684978485,0.009775589923469387
8098d1ce056318c03a3c70ccf3707945,Pleural thickening,Pleural_Thickening,True,True,0.7980644106864929,0.10772082270408163
8098d1ce056318c03a3c70ccf3707945,Pulmonary fibrosis,Fibrosis,True,True,0.7633677124977112,0.10117386798469388
9a2d123a36eea730440d44f430ad2951,Cardiomegaly,Cardiomegaly,True,True,0.8189021944999695,0.08095503826530612
2ce046da31101c578df3349c36f325a1,Pleural thickening,Pleural_Thickening,True,False,0.2762249708175659,0.05237563775510204
a257e58a06d3267edc82453ae093ac97,Pleural effusion,Effusion,False,False,0.039413124322891235,0.009885204081632654
a257e58a06d3267edc82453ae093ac97,Pleural thickening,Pleural_Thickening,True,False,0.0003137308231089264,0.01518654336734694
a257e58a06d3267edc82453ae093ac97,Pulmonary fibrosis,Fibrosis,True,False,0.19791845977306366,0.04391541772959184
f769eea17a2e7678f481f386c3c6261c,Cardiomegaly,Cardiomegaly,True,True,0.9132935404777527,0.08907146843112244
f769eea17a2e7678f481f386c3c6261c,Pulmonary fibrosis,Fibrosis,True,True,0.37953636050224304,0.007867307079081632
0712b4f7b21e2a06eacece3cf35e3059,Pulmonary fibrosis,Fibrosis,True,True,0.14514511823654175,0.048150510204081634
62863bee894cbb15f96074e8da760b40,Pleural effusion,Effusion,True,False,0.01245229784399271,0.027627750318877552
ad74c895feae8a322c54bbce08626812,Pleural effusion,Effusion,True,False,0.29741981625556946,0.02247588488520408
ad74c895feae8a322c54bbce08626812,Pulmonary fibrosis,Fibrosis,True,False,0.029733959585428238,0.008375518176020409
0491b08361fdfb9359cad9d6a078f275,Cardiomegaly,Cardiomegaly,False,True,0.8847556114196777,0.06756218112244898
9246c1061217b8131ccdaea80327e24d,Pleural thickening,Pleural_Thickening,True,True,0.5459640026092529,0.06138392857142857
ea18aab66eff5e0e540553178f9cad4d,Pleural effusion,Effusion,True,True,0.9302887916564941,0.08398935746173469
ea18aab66eff5e0e540553178f9cad4d,Pleural thickening,Pleural_Thickening,False,False,0.0021916660480201244,0.00912288743622449
ea18aab66eff5e0e540553178f9cad4d,Pulmonary fibrosis,Fibrosis,False,False,0.0,0.019815250318877552
4a2dec8f7163be64ef67f0d09056c921,Pleural effusion,Effusion,True,True,0.6453709006309509,0.1293347417091837
c9380a132776f6d999ed5a72a1212bcf,Pleural thickening,Pleural_Thickening,False,False,0.029454411938786507,0.009426817602040817
c9380a132776f6d999ed5a72a1212bcf,Pulmonary fibrosis,Fibrosis,False,False,0.03360917791724205,0.0040058992346938774
c9380a132776f6d999ed5a72a1212bcf,Nodule/Mass,Mass,False,False,0.08876356482505798,0.00668148118622449
97e953ca3bf93ddf8a9f9044cbdd8e7c,Pleural effusion,Effusion,True,False,0.6069822311401367,0.18140644929846939
3cf29ab62dd4b9866c7e055c59098d3e,Pleural effusion,Effusion,False,False,0.0,0.0059939014668367345
3cf29ab62dd4b9866c7e055c59098d3e,Pleural thickening,Pleural_Thickening,False,False,0.017007863149046898,0.019770408163265307
3cf29ab62dd4b9866c7e055c59098d3e,Pulmonary fibrosis,Fibrosis,False,False,0.09178098291158676,0.035325653698979595
bdde865328435f214633b4858d9a4d20,Pulmonary fibrosis,Fibrosis,True,False,0.2808898091316223,0.025370695153061226
181a28291c7bc0a6a721a5759c01fd34,Cardiomegaly,Cardiomegaly,False,True,0.8749241828918457,0.056959502551020405
181a28291c7bc0a6a721a5759c01fd34,Pleural thickening,Pleural_Thickening,False,False,0.010740727186203003,0.004922672193877551
181a28291c7bc0a6a721a5759c01fd34,Pulmonary fibrosis,Fibrosis,True,True,0.0805647149682045,0.013193558673469387
128f55a981d4192a2990946431a7469b,Pulmonary fibrosis,Fibrosis,True,False,0.03255980461835861,0.03386579241071429
73d406f3aaebf4b2d07e73a87ebff608,Cardiomegaly,Cardiomegaly,False,False,0.10674887895584106,0.040293168048469385
b5eb86bdfcbce8d8536e608124d0f9ed,Pulmonary fibrosis,Fibrosis,True,True,0.32796144485473633,0.05732820471938776
1831b088f3a62617cb5cacc3d852cd3c,Pleural effusion,Effusion,True,True,1.0,0.14481026785714285
a1099e200fda2e6dc8c80d691fc6e70d,Cardiomegaly,Cardiomegaly,False,True,0.6737749576568604,0.06258470184948979
6c35a010256b29d6db4956f5bffff4a2,Cardiomegaly,Cardiomegaly,False,False,0.0,0.05262476084183673
6c35a010256b29d6db4956f5bffff4a2,Pleural thickening,Pleural_Thickening,True,False,0.019140996038913727,0.011350047831632654
0dc7b1615100b4f5d3ae294bae0d5d43,Consolidation,Consolidation,True,False,0.42510196566581726,0.07601243622448979
d742a4e61899a7a7408754397737a3ea,Cardiomegaly,Cardiomegaly,True,True,0.5799391269683838,0.03966039540816327
efb4c40bcdca8c2e5100a9febf5fbd4b,Pleural thickening,Pleural_Thickening,False,True,0.9982941746711731,0.11183633609693877
efb4c40bcdca8c2e5100a9febf5fbd4b,Pulmonary fibrosis,Fibrosis,True,True,0.7043524980545044,0.13702766262755103
703637c0369923222e87e31bb7477b4f,Cardiomegaly,Cardiomegaly,True,True,0.9495992064476013,0.08321707589285714
9852b93d2e984a4c427f7d14be534717,Cardiomegaly,Cardiomegaly,True,True,0.82301926612854,0.10791015625
690a74b4ebf969fbadc5ad0a1187968d,Cardiomegaly,Cardiomegaly,True,True,0.8355462551116943,0.09413364955357142
690a74b4ebf969fbadc5ad0a1187968d,Pleural thickening,Pleural_Thickening,True,False,0.06880506128072739,0.015744579081632654
9dc2037ca1424465db0c4fe2972767f0,Pulmonary fibrosis,Fibrosis,True,False,0.0011140939313918352,0.02296416613520408
392910e2001c7d9710d1e11f1bf4bd73,Pulmonary fibrosis,Fibrosis,True,False,0.026554210111498833,0.020642338966836735
2d377f5b2bd10b8ead268046859d939a,Cardiomegaly,Cardiomegaly,True,False,0.5475064516067505,0.054034797512755105
9d4654c4c7def98196c0f8f14277ec7c,Cardiomegaly,Cardiomegaly,False,True,0.7333050966262817,0.055345184948979595
9d4654c4c7def98196c0f8f14277ec7c,Pleural effusion,Effusion,True,False,0.11762692779302597,0.01436443718112245
9d4654c4c7def98196c0f8f14277ec7c,Pleural thickening,Pleural_Thickening,True,True,0.16183124482631683,0.01813117825255102
1d378b37e94c96925d6e96d281825519,Cardiomegaly,Cardiomegaly,True,True,0.9363847970962524,0.05859375
2cb442312ff65f3255923b38dc6dc2fa,Cardiomegaly,Cardiomegaly,True,True,0.5102867484092712,0.05366609534438776
b8d3a0bb21e3e536728b13aaea587974,Cardiomegaly,Cardiomegaly,True,True,0.6288850903511047,0.053631218112244895
c21c6e6969dcd46d9441110183ade633,Cardiomegaly,Cardiomegaly,False,True,0.6737408638000488,0.06175263073979592
e2c9d3576bec9857de53e8bfedc30e69,Cardiomegaly,Cardiomegaly,True,True,0.8178284168243408,0.07054169323979592
517f3939a9628db4475c2c0ae39b2d1b,Pleural thickening,Pleural_Thickening,True,False,0.09394852817058563,0.01215720663265306
784a4ee98cfc37a7c1ae9721bc8603ed,Consolidation,Consolidation,True,False,0.3129836320877075,0.07582310267857142
238b1299945de447d94124e14734edab,Pleural effusion,Effusion,True,False,0.029248706996440887,0.05569395727040816
d94b4e689299d6eb3cc8f5ac772d759b,Cardiomegaly,Cardiomegaly,False,True,0.9933711290359497,0.1131168287627551
d94b4e689299d6eb3cc8f5ac772d759b,Pleural effusion,Effusion,False,False,0.0,0.009416852678571428
d94b4e689299d6eb3cc8f5ac772d759b,Pleural thickening,Pleural_Thickening,True,False,0.0,0.009416852678571428
b3510302f95f75a91e0fd49e04767f02,Pleural effusion,Effusion,True,True,0.9645476937294006,0.05779157366071429
b3510302f95f75a91e0fd49e04767f02,Pulmonary fibrosis,Fibrosis,False,False,0.0,0.009357063137755101
7ab69502906043cd72e71d1f549c7153,Cardiomegaly,Cardiomegaly,True,True,0.9492177963256836,0.06720344387755102
7705b3f3b2a3a2de67e579119f53466e,Pleural effusion,Effusion,True,True,0.4599919021129608,0.054099569515306124
7705b3f3b2a3a2de67e579119f53466e,Pulmonary fibrosis,Fibrosis,False,False,0.2380082607269287,0.0887027662627551
a2ca9713ed2b4fb5632aa8647769c1a6,Pleural effusion,Effusion,True,True,0.6297184824943542,0.043935347576530615
fc34c8cc6321cfc97ec35783a5daa937,Cardiomegaly,Cardiomegaly,True,True,0.8309268355369568,0.13735152264030612
fc34c8cc6321cfc97ec35783a5daa937,Pleural effusion,Effusion,True,False,0.5217418670654297,0.2017398756377551
fc34c8cc6321cfc97ec35783a5daa937,Pulmonary fibrosis,Fibrosis,True,False,0.0071282521821558475,0.0033980389030612247
c4f7b110380be6bee542f5c26c78f36d,Cardiomegaly,Cardiomegaly,True,True,0.9993354678153992,0.22009526466836735
8be157ed11fc1bb06d77637ae7da43bc,Consolidation,Consolidation,True,True,0.807077944278717,0.2411212531887755
8be157ed11fc1bb06d77637ae7da43bc,Infiltration,Infiltration,True,True,0.8869999051094055,0.24289999202806123
8be157ed11fc1bb06d77637ae7da43bc,Pleural effusion,Effusion,True,False,0.32927456498146057,0.03862404336734694
4085e7c5e44d4bc75213131a8a6aee47,Cardiomegaly,Cardiomegaly,True,True,0.9850962162017822,0.07880759725765306
92ddcf2c387ec3f50403371ca9997ad0,Cardiomegaly,Cardiomegaly,True,True,0.8648019433021545,0.06083585778061224
88932681cc425d08e5583baeafb9dd12,Pulmonary fibrosis,Fibrosis,True,False,0.0447060652077198,0.028913225446428572
807797c8ef120370d45796ed35260d81,Infiltration,Infiltration,True,True,0.5080394148826599,0.03901765784438776
1302aab3d9d19f6bcb9db728e3ce6306,Cardiomegaly,Cardiomegaly,True,True,0.8703495860099792,0.06300322863520408
5cf657759ffe1c8ad29c2b6938197dfc,Pleural thickening,Pleural_Thickening,False,False,0.04810658097267151,0.01070232780612245
c184ac40eb6c1713f28f34582f768c5d,Infiltration,Infiltration,True,False,0.6219867467880249,0.06271922831632654
e76c69a0601a1f3f059a762b7fb0614e,Cardiomegaly,Cardiomegaly,True,True,0.6327196955680847,0.09936025191326531
e76c69a0601a1f3f059a762b7fb0614e,Pulmonary fibrosis,Fibrosis,True,False,0.037316352128982544,0.015261280293367346
f244d8f6b541d370470f56b8f6ebcb3b,Cardiomegaly,Cardiomegaly,False,False,0.10247903317213058,0.08938536352040816
f244d8f6b541d370470f56b8f6ebcb3b,Pulmonary fibrosis,Fibrosis,False,False,0.22568166255950928,0.01659159757653061
579ceeec7e5374a80d88551c81db441a,Pulmonary fibrosis,Fibrosis,True,True,0.42676520347595215,0.07611208545918367
582b7c53ef97d1107d527bf23879353f,Pleural thickening,Pleural_Thickening,True,True,0.32675760984420776,0.016965282206632654
582b7c53ef97d1107d527bf23879353f,Pulmonary fibrosis,Fibrosis,True,False,0.11432310193777084,0.01336296237244898
6d1ae9283e8be51b5057a189f53bef03,Cardiomegaly,Cardiomegaly,True,True,0.8776838779449463,0.056695432079081634
281070333d103fe4a02065d7f986b062,Cardiomegaly,Cardiomegaly,True,True,0.7618323564529419,0.08560865752551021
662fe30af3399b56c1579e95b0c6c87e,Infiltration,Infiltration,True,True,0.969563901424408,0.23636300223214285
662fe30af3399b56c1579e95b0c6c87e,Pleural thickening,Pleural_Thickening,True,False,0.19849137961864471,0.05082110969387755
662fe30af3399b56c1579e95b0c6c87e,Pulmonary fibrosis,Fibrosis,True,True,0.8640723824501038,0.16399274553571427
8cacb3b69e1fcc845537d1e4a7c1c5ab,Cardiomegaly,Cardiomegaly,True,True,0.8158814311027527,0.07485152264030612
e282be557a81566f8ccc78271c7f2ff2,Pulmonary fibrosis,Fibrosis,True,False,0.22119943797588348,0.02053272480867347
db1942c4b69ecc90ff870f987b7c5284,Cardiomegaly,Cardiomegaly,False,True,0.6236321926116943,0.06414919483418367
1bc4c3008d6a7144722daa35a7ff2b00,Cardiomegaly,Cardiomegaly,False,True,0.9678375720977783,0.09355070153061225
03a6078c0c12fb076b50ae017e590e19,Cardiomegaly,Cardiomegaly,True,True,0.6765133738517761,0.061403858418367346
03a6078c0c12fb076b50ae017e590e19,Pulmonary fibrosis,Fibrosis,False,False,0.0,0.0038464604591836736
a1e4301af829e773b3b56870a60fa750,Cardiomegaly,Cardiomegaly,True,True,0.8174268007278442,0.08416374362244898
a3106645d9ff642b102c1fae08356865,Cardiomegaly,Cardiomegaly,False,True,0.8657391667366028,0.0634765625
a3106645d9ff642b102c1fae08356865,Infiltration,Infiltration,False,True,0.8355712890625,0.07517040019132654
a3106645d9ff642b102c1fae08356865,Pulmonary fibrosis,Fibrosis,True,True,0.8952173590660095,0.07517040019132654
1720ee54631aff23784053fe1719dfdb,Cardiomegaly,Cardiomegaly,True,True,0.8210368156433105,0.07819475446428571
2c5d9c4fdfc633cb9a6af8ead0c45f19,Nodule/Mass,Nodule,False,False,0.0049476632848382,0.00047831632653061223
